-- MySQL dump 10.17  Distrib 10.3.18-MariaDB, for Win64 (AMD64)
--
-- Host: localhost    Database: criminologia
-- ------------------------------------------------------
-- Server version	10.3.18-MariaDB

/*!40101 SET @OLD_CHARACTER_SET_CLIENT=@@CHARACTER_SET_CLIENT */;
/*!40101 SET @OLD_CHARACTER_SET_RESULTS=@@CHARACTER_SET_RESULTS */;
/*!40101 SET @OLD_COLLATION_CONNECTION=@@COLLATION_CONNECTION */;
/*!40101 SET NAMES utf8mb4 */;
/*!40103 SET @OLD_TIME_ZONE=@@TIME_ZONE */;
/*!40103 SET TIME_ZONE='+00:00' */;
/*!40014 SET @OLD_UNIQUE_CHECKS=@@UNIQUE_CHECKS, UNIQUE_CHECKS=0 */;
/*!40014 SET @OLD_FOREIGN_KEY_CHECKS=@@FOREIGN_KEY_CHECKS, FOREIGN_KEY_CHECKS=0 */;
/*!40101 SET @OLD_SQL_MODE=@@SQL_MODE, SQL_MODE='NO_AUTO_VALUE_ON_ZERO' */;
/*!40111 SET @OLD_SQL_NOTES=@@SQL_NOTES, SQL_NOTES=0 */;

--
-- Table structure for table `acos`
--

DROP TABLE IF EXISTS `acos`;
/*!40101 SET @saved_cs_client     = @@character_set_client */;
/*!40101 SET character_set_client = utf8 */;
CREATE TABLE `acos` (
  `id` int(10) NOT NULL AUTO_INCREMENT,
  `parent_id` int(10) DEFAULT NULL,
  `model` varchar(255) DEFAULT NULL,
  `foreign_key` int(10) DEFAULT NULL,
  `alias` varchar(255) DEFAULT NULL,
  `lft` int(10) DEFAULT NULL,
  `rght` int(10) DEFAULT NULL,
  PRIMARY KEY (`id`),
  KEY `idx_acos_lft_rght` (`lft`,`rght`),
  KEY `idx_acos_alias` (`alias`)
) ENGINE=InnoDB AUTO_INCREMENT=86 DEFAULT CHARSET=utf8;
/*!40101 SET character_set_client = @saved_cs_client */;

--
-- Dumping data for table `acos`
--

LOCK TABLES `acos` WRITE;
/*!40000 ALTER TABLE `acos` DISABLE KEYS */;
INSERT INTO `acos` VALUES (1,NULL,NULL,NULL,'controllers',1,92),(8,1,NULL,NULL,'Groups',2,13),(9,8,NULL,NULL,'index',3,4),(10,8,NULL,NULL,'view',5,6),(11,8,NULL,NULL,'add',7,8),(12,8,NULL,NULL,'edit',9,10),(13,8,NULL,NULL,'delete',11,12),(20,1,NULL,NULL,'Pages',14,17),(21,20,NULL,NULL,'display',15,16),(22,1,NULL,NULL,'Parametros',18,29),(23,22,NULL,NULL,'index',19,20),(24,22,NULL,NULL,'view',21,22),(25,22,NULL,NULL,'add',23,24),(26,22,NULL,NULL,'edit',25,26),(27,22,NULL,NULL,'delete',27,28),(46,1,NULL,NULL,'Users',30,47),(47,46,NULL,NULL,'login',31,32),(48,46,NULL,NULL,'logout',33,34),(49,46,NULL,NULL,'index',35,36),(50,46,NULL,NULL,'view',37,38),(51,46,NULL,NULL,'add',39,40),(52,46,NULL,NULL,'edit',41,42),(53,46,NULL,NULL,'delete',43,44),(54,1,NULL,NULL,'AclExtras',48,49),(55,1,NULL,NULL,'DebugKit',50,57),(56,55,NULL,NULL,'ToolbarAccess',51,56),(57,56,NULL,NULL,'history_state',52,53),(58,56,NULL,NULL,'sql_explain',54,55),(61,46,NULL,NULL,'initDB',45,46),(62,1,NULL,NULL,'Permisos',58,71),(63,62,NULL,NULL,'roles',59,60),(64,62,NULL,NULL,'aplicaciones',61,62),(65,62,NULL,NULL,'add',63,64),(66,62,NULL,NULL,'acceso',65,66),(67,62,NULL,NULL,'edit',67,68),(68,62,NULL,NULL,'delete',69,70),(73,1,NULL,NULL,'Menus',72,81),(74,73,NULL,NULL,'index',73,74),(75,73,NULL,NULL,'add',75,76),(79,73,NULL,NULL,'delete',77,78),(80,73,NULL,NULL,'edit',79,80),(81,1,NULL,NULL,'Denuncias',82,91),(82,81,NULL,NULL,'index',83,84),(83,81,NULL,NULL,'add',85,86),(84,81,NULL,NULL,'edit',87,88),(85,81,NULL,NULL,'delete',89,90);
/*!40000 ALTER TABLE `acos` ENABLE KEYS */;
UNLOCK TABLES;

--
-- Table structure for table `aros`
--

DROP TABLE IF EXISTS `aros`;
/*!40101 SET @saved_cs_client     = @@character_set_client */;
/*!40101 SET character_set_client = utf8 */;
CREATE TABLE `aros` (
  `id` int(10) NOT NULL AUTO_INCREMENT,
  `parent_id` int(10) DEFAULT NULL,
  `model` varchar(255) DEFAULT NULL,
  `foreign_key` int(10) DEFAULT NULL,
  `alias` varchar(255) DEFAULT NULL,
  `lft` int(10) DEFAULT NULL,
  `rght` int(10) DEFAULT NULL,
  PRIMARY KEY (`id`),
  KEY `idx_aros_lft_rght` (`lft`,`rght`),
  KEY `idx_aros_alias` (`alias`)
) ENGINE=InnoDB AUTO_INCREMENT=9 DEFAULT CHARSET=utf8;
/*!40101 SET character_set_client = @saved_cs_client */;

--
-- Dumping data for table `aros`
--

LOCK TABLES `aros` WRITE;
/*!40000 ALTER TABLE `aros` DISABLE KEYS */;
INSERT INTO `aros` VALUES (1,NULL,'Group',1,'Administrador',1,4),(2,NULL,'Group',2,'managers',5,8),(3,NULL,'Group',3,'users',9,12),(4,1,'User',1,'odcpnp',2,3),(5,2,'User',2,'joselo',6,7),(6,3,'User',3,'marisa',10,11),(7,NULL,'Group',4,'Vendedor',13,16),(8,7,'User',4,'paco',14,15);
/*!40000 ALTER TABLE `aros` ENABLE KEYS */;
UNLOCK TABLES;

--
-- Table structure for table `aros_acos`
--

DROP TABLE IF EXISTS `aros_acos`;
/*!40101 SET @saved_cs_client     = @@character_set_client */;
/*!40101 SET character_set_client = utf8 */;
CREATE TABLE `aros_acos` (
  `id` int(10) NOT NULL AUTO_INCREMENT,
  `aro_id` int(10) NOT NULL,
  `aco_id` int(10) NOT NULL,
  `_create` varchar(2) NOT NULL DEFAULT '0',
  `_read` varchar(2) NOT NULL DEFAULT '0',
  `_update` varchar(2) NOT NULL DEFAULT '0',
  `_delete` varchar(2) NOT NULL DEFAULT '0',
  PRIMARY KEY (`id`),
  UNIQUE KEY `ARO_ACO_KEY` (`aro_id`,`aco_id`),
  KEY `idx_aco_id` (`aco_id`)
) ENGINE=InnoDB AUTO_INCREMENT=19 DEFAULT CHARSET=utf8;
/*!40101 SET character_set_client = @saved_cs_client */;

--
-- Dumping data for table `aros_acos`
--

LOCK TABLES `aros_acos` WRITE;
/*!40000 ALTER TABLE `aros_acos` DISABLE KEYS */;
INSERT INTO `aros_acos` VALUES (1,1,1,'1','1','1','1'),(2,2,1,'-1','-1','-1','-1'),(7,3,1,'-1','-1','-1','-1'),(10,3,48,'1','1','1','1'),(17,2,8,'1','1','1','1'),(18,2,12,'-1','-1','-1','-1');
/*!40000 ALTER TABLE `aros_acos` ENABLE KEYS */;
UNLOCK TABLES;

--
-- Table structure for table `cake_sessions`
--

DROP TABLE IF EXISTS `cake_sessions`;
/*!40101 SET @saved_cs_client     = @@character_set_client */;
/*!40101 SET character_set_client = utf8 */;
CREATE TABLE `cake_sessions` (
  `id` varchar(255) NOT NULL DEFAULT '',
  `data` text DEFAULT NULL,
  `expires` int(11) DEFAULT NULL,
  PRIMARY KEY (`id`)
) ENGINE=InnoDB DEFAULT CHARSET=utf8;
/*!40101 SET character_set_client = @saved_cs_client */;

--
-- Dumping data for table `cake_sessions`
--

LOCK TABLES `cake_sessions` WRITE;
/*!40000 ALTER TABLE `cake_sessions` DISABLE KEYS */;
INSERT INTO `cake_sessions` VALUES ('bf98d9sjqjbr58hcqkpv1gc2dq','Config|a:3:{s:9:\"userAgent\";s:32:\"74953a685e35c7fd19e3b8e1b1801f74\";s:4:\"time\";i:1605292484;s:9:\"countdown\";i:10;}Message|a:1:{s:4:\"auth\";a:4:{s:7:\"message\";s:51:\"No está autorizado para acceder a esta aplicación\";s:3:\"key\";s:4:\"auth\";s:7:\"element\";s:13:\"Flash/default\";s:6:\"params\";a:0:{}}}Auth|a:1:{s:4:\"User\";a:13:{s:2:\"id\";s:1:\"1\";s:7:\"nombres\";s:0:\"\";s:3:\"app\";s:0:\"\";s:3:\"apm\";s:0:\"\";s:6:\"correo\";s:0:\"\";s:8:\"username\";s:6:\"odcpnp\";s:8:\"group_id\";s:1:\"1\";s:6:\"estado\";s:1:\"A\";s:7:\"creador\";s:6:\"cramos\";s:6:\"creado\";s:19:\"2017-04-26 01:24:19\";s:11:\"modificador\";s:0:\"\";s:10:\"modificado\";N;s:5:\"Group\";a:7:{s:2:\"id\";s:1:\"1\";s:4:\"name\";s:13:\"Administrador\";s:6:\"estado\";s:1:\"A\";s:7:\"creador\";s:6:\"cramos\";s:6:\"creado\";s:19:\"2017-04-26 01:19:00\";s:11:\"modificador\";s:0:\"\";s:10:\"modificado\";N;}}}',1605292484),('dba01js97btdj8ukhghf5mp52d','Config|a:3:{s:9:\"userAgent\";s:32:\"1d233e4971a4aba88aa86f8c949f81e7\";s:4:\"time\";i:1605115189;s:9:\"countdown\";i:10;}Message|a:1:{s:4:\"auth\";a:4:{s:7:\"message\";s:51:\"No está autorizado para acceder a esta aplicación\";s:3:\"key\";s:4:\"auth\";s:7:\"element\";s:13:\"Flash/default\";s:6:\"params\";a:0:{}}}Auth|a:1:{s:4:\"User\";a:13:{s:2:\"id\";s:1:\"1\";s:7:\"nombres\";s:0:\"\";s:3:\"app\";s:0:\"\";s:3:\"apm\";s:0:\"\";s:6:\"correo\";s:0:\"\";s:8:\"username\";s:6:\"odcpnp\";s:8:\"group_id\";s:1:\"1\";s:6:\"estado\";s:1:\"A\";s:7:\"creador\";s:6:\"cramos\";s:6:\"creado\";s:19:\"2017-04-26 01:24:19\";s:11:\"modificador\";s:0:\"\";s:10:\"modificado\";N;s:5:\"Group\";a:7:{s:2:\"id\";s:1:\"1\";s:4:\"name\";s:13:\"Administrador\";s:6:\"estado\";s:1:\"A\";s:7:\"creador\";s:6:\"cramos\";s:6:\"creado\";s:19:\"2017-04-26 01:19:00\";s:11:\"modificador\";s:0:\"\";s:10:\"modificado\";N;}}}',1605115190),('jar96lqoj1cs96ta1ak41n3bul','Config|a:3:{s:9:\"userAgent\";s:32:\"1d233e4971a4aba88aa86f8c949f81e7\";s:4:\"time\";i:1605047112;s:9:\"countdown\";i:10;}Message|a:1:{s:4:\"auth\";a:4:{s:7:\"message\";s:51:\"No está autorizado para acceder a esta aplicación\";s:3:\"key\";s:4:\"auth\";s:7:\"element\";s:13:\"Flash/default\";s:6:\"params\";a:0:{}}}Auth|a:1:{s:4:\"User\";a:13:{s:2:\"id\";s:1:\"1\";s:7:\"nombres\";s:0:\"\";s:3:\"app\";s:0:\"\";s:3:\"apm\";s:0:\"\";s:6:\"correo\";s:0:\"\";s:8:\"username\";s:6:\"odcpnp\";s:8:\"group_id\";s:1:\"1\";s:6:\"estado\";s:1:\"A\";s:7:\"creador\";s:6:\"cramos\";s:6:\"creado\";s:19:\"2017-04-26 01:24:19\";s:11:\"modificador\";s:0:\"\";s:10:\"modificado\";N;s:5:\"Group\";a:7:{s:2:\"id\";s:1:\"1\";s:4:\"name\";s:13:\"Administrador\";s:6:\"estado\";s:1:\"A\";s:7:\"creador\";s:6:\"cramos\";s:6:\"creado\";s:19:\"2017-04-26 01:19:00\";s:11:\"modificador\";s:0:\"\";s:10:\"modificado\";N;}}}',1605047112);
/*!40000 ALTER TABLE `cake_sessions` ENABLE KEYS */;
UNLOCK TABLES;

--
-- Table structure for table `categoria_comisarias`
--

DROP TABLE IF EXISTS `categoria_comisarias`;
/*!40101 SET @saved_cs_client     = @@character_set_client */;
/*!40101 SET character_set_client = utf8 */;
CREATE TABLE `categoria_comisarias` (
  `id` int(11) NOT NULL AUTO_INCREMENT,
  `nombre` varchar(250) DEFAULT NULL,
  PRIMARY KEY (`id`)
) ENGINE=InnoDB AUTO_INCREMENT=3 DEFAULT CHARSET=utf8;
/*!40101 SET character_set_client = @saved_cs_client */;

--
-- Dumping data for table `categoria_comisarias`
--

LOCK TABLES `categoria_comisarias` WRITE;
/*!40000 ALTER TABLE `categoria_comisarias` DISABLE KEYS */;
INSERT INTO `categoria_comisarias` VALUES (1,'SECTORIAL'),(2,'NO SECTORIAL');
/*!40000 ALTER TABLE `categoria_comisarias` ENABLE KEYS */;
UNLOCK TABLES;

--
-- Table structure for table `comisarias`
--

DROP TABLE IF EXISTS `comisarias`;
/*!40101 SET @saved_cs_client     = @@character_set_client */;
/*!40101 SET character_set_client = utf8 */;
CREATE TABLE `comisarias` (
  `id` int(11) NOT NULL AUTO_INCREMENT,
  `nombre` varchar(250) DEFAULT NULL,
  PRIMARY KEY (`id`)
) ENGINE=InnoDB AUTO_INCREMENT=3805 DEFAULT CHARSET=utf8;
/*!40101 SET character_set_client = @saved_cs_client */;

--
-- Dumping data for table `comisarias`
--

LOCK TABLES `comisarias` WRITE;
/*!40000 ALTER TABLE `comisarias` DISABLE KEYS */;
INSERT INTO `comisarias` VALUES (2537,'BAGUA - AMAZONAS'),(2538,'BALZAS - AMAZONAS'),(2539,'BUENOS AIRES - AMAZONAS'),(2540,'CAJARURO - AMAZONAS'),(2541,'CAMPO REDONDO - AMAZONAS'),(2542,'CHACHAPOYAS - AMAZONAS'),(2543,'CHIRIACO - AMAZONAS'),(2544,'COLCAMAR - AMAZONAS'),(2545,'COMANDANCIA RURAL UTCUBAMBA - AMAZONAS'),(2546,'COPALLIN - AMAZONAS'),(2547,'CRUZ SANTIAGO VALQUI OROZCO -LUYA - AMAZONAS'),(2548,'CUMBA - AMAZONAS'),(2549,'DEPINCRI AMAZONAS - AMAZONAS'),(2550,'DEPINCRI BAGUA GRANDE - AMAZONAS'),(2551,'DEPROVE CHACHAPOYAS - AMAZONAS'),(2552,'DURAZNO PAMPA - AMAZONAS'),(2553,'EL MILAGRO - AMAZONAS'),(2554,'EL MUYO - AMAZONAS'),(2555,'HUAMBO - AMAZONAS'),(2556,'HUAMBO AMAZONAS - AMAZONAS'),(2557,'IMACITA - AMAZONAS'),(2558,'INGUILPATA - AMAZONAS'),(2559,'JALCA GRANDE - AMAZONAS'),(2560,'JAMALCA - AMAZONAS'),(2561,'JAZAN - AMAZONAS'),(2562,'JUMBILLA - AMAZONAS'),(2563,'LA PECA - AMAZONAS'),(2564,'LAMUD - AMAZONAS'),(2565,'LEIMEBAMBA - AMAZONAS'),(2566,'LIMABAMBA - AMAZONAS'),(2567,'LONGAR - AMAZONAS'),(2568,'LONYA GRANDE - AMAZONAS'),(2569,'MOLINOPAMPA - AMAZONAS'),(2570,'NUEVO CHIRIMOTO - AMAZONAS'),(2571,'OCALLI - AMAZONAS'),(2572,'OMIA - AMAZONAS'),(2573,'PIPUS - AMAZONAS'),(2574,'POMACOCHAS - AMAZONAS'),(2575,'PUERTO NARANJITOS - AMAZONAS'),(2576,'QUINJALCA - AMAZONAS'),(2577,'SAN PABLO DE VALERA - AMAZONAS'),(2578,'SANTA MARIA DE NIEVA - AMAZONAS'),(2579,'SANTA ROSA AMAZONAS - AMAZONAS'),(2580,'SANTO TOMAS - AMAZONAS - AMAZONAS'),(2581,'TINGO - AMAZONAS'),(2582,'UTCUBAMBA - AMAZONAS'),(2583,'21 DE ABRIL - ANCASH'),(2584,'AIJA - ANCASH'),(2585,'ALTO PERÚ - ANCASH'),(2586,'ANTA - ANCASH'),(2587,'ANTONIO RAYMONDI - ANCASH'),(2588,'ASUNCION-CHACAS - ANCASH'),(2589,'ATUSPARIAS - ANCASH'),(2590,'BOLOGNESI - CHIQUIAN - ANCASH'),(2591,'BUENOS AIRES - ANCASH'),(2592,'CABANA - ANCASH'),(2593,'CABANILLAS - ANCASH'),(2594,'CAÑÓN DEL PATO - ANCASH'),(2595,'CARHUAZ - ANCASH'),(2596,'CASMA - ANCASH'),(2597,'CATAC - ANCASH'),(2598,'CHASQUITAMBO - ANCASH'),(2599,'CHAVIN - ANCASH'),(2600,'CHIMBOTE - ANCASH'),(2601,'COISHCO - ANCASH'),(2602,'COMTUR LIMA NORTE - ANCASH'),(2603,'CORONGO - ANCASH'),(2604,'DEPARTAMENTO DE INVESTIGACION DE TRATA DE PERSONAS CHIMBOTE - ANCASH'),(2605,'DEPINCRI PNP ANCASH - ANCASH'),(2606,'DEPINCRI PNP CHIMBOTE - ANCASH'),(2607,'DEPINCRI SANTIAGO DE SURCO - ANCASH'),(2608,'DEPROVE  HUARAZ - ANCASH'),(2609,'DEPROVE CHIMBOTE - ANCASH'),(2610,'DEPROVE PIURA - ANCASH'),(2611,'HUACRACHUCO - ANCASH'),(2612,'HUALLANCA - CHURCOS - ANCASH'),(2613,'HUANZALA - ANCASH'),(2614,'HUARAZ - ANCASH'),(2615,'HUARI - ANCASH'),(2616,'HUARMEY - ANCASH'),(2617,'HUAYLAS - ANCASH'),(2618,'HUAYLAS - CARAZ - ANCASH'),(2619,'HUAYLLABAMBA - ANCASH'),(2620,'HUAYTUNA - ANCASH'),(2621,'JIMBE - ANCASH'),(2622,'LA LIBERTAD - ANCASH'),(2623,'LA PAMPA - ANCASH'),(2624,'LAURA CALLER - ANCASH'),(2625,'MACATE - ANCASH'),(2626,'MANCOS - ANCASH'),(2627,'MARCARA - ANCASH'),(2628,'MARISCAL LUZURIAGA - ANCASH'),(2629,'MONTERREY - ANCASH'),(2630,'MORO - ANCASH'),(2631,'NEPEÑA - ANCASH'),(2632,'PALLASCA - ANCASH'),(2633,'PARIACOTO - ANCASH'),(2634,'POMABAMBA - ANCASH'),(2635,'RECUAY - ANCASH'),(2636,'RINCONADA - ANCASH'),(2637,'RURAL TAMBO REAL - ANCASH'),(2638,'SAMANCO - ANCASH'),(2639,'SAN JACINTO - ANCASH'),(2640,'SAN JERÓNIMO - ANCASH'),(2641,'SAN LUIS-CARLOS FERMIN FITZCARRALD - ANCASH'),(2642,'SAN MARCOS - ANCASH'),(2643,'SAN PEDRO - ANCASH'),(2644,'SANTA - ANCASH'),(2645,'SANTA LUZMILA - ANCASH'),(2646,'SIHUAS - ANCASH'),(2647,'TACLLAN - ANCASH'),(2648,'TARICA - ANCASH'),(2649,'TAUCA - ANCASH'),(2650,'TURISMO - HUARAZ - ANCASH'),(2651,'UCO - ANCASH'),(2652,'VILLA MARIA - ANCASH'),(2653,'YANAMA - ANCASH'),(2654,'YAUTAN - ANCASH'),(2655,'YUNGAY - ANCASH'),(2656,'ABANCAY - APURIMAC'),(2657,'ACOBAMBA - APURIMAC'),(2658,'ANDAHUAYLAS - APURIMAC'),(2659,'ANTABAMBA - APURIMAC'),(2660,'AYMARAES - CHALHUANCA - APURIMAC'),(2661,'BELLAVISTA - APURIMAC'),(2662,'CACHORA - APURIMAC'),(2663,'CASINCHIHUA - APURIMAC'),(2664,'CHALLHUAHUACHO - APURIMAC'),(2665,'CHICMO - APURIMAC'),(2666,'CHINCHEROS - APURIMAC'),(2667,'CHUQUIBAMBILLA - GRAU - APURIMAC'),(2668,'COMISARIA DE LA FAMILIA - APURIMAC'),(2669,'COTARUSE - APURIMAC'),(2670,'CURAHUASI –ABANCAY - APURIMAC'),(2671,'DEPINCRI ANDAHUAYLAS - APURIMAC'),(2672,'DEPINCRI APURIMAC - APURIMAC'),(2673,'DEPROVE ABANCAY - APURIMAC'),(2674,'DEPROVE ANDAHUAYLAS - APURIMAC'),(2675,'DIVINCRI SECAMINPUB APURIMAC - APURIMAC'),(2676,'HUACCANA - APURIMAC'),(2677,'HUANCARAMA - APURIMAC'),(2678,'HUANCARAY - APURIMAC'),(2679,'KISHUARA - APURIMAC'),(2680,'LAMBRAMA - APURIMAC'),(2681,'ONGOY - APURIMAC'),(2682,'PACHACONAS - APURIMAC'),(2683,'PACUCHA - APURIMAC'),(2684,'PROGRESO - APURIMAC'),(2685,'SAN ANTONIO DE CACHI - APURIMAC'),(2686,'TALAVERA - APURIMAC'),(2687,'TAMBOBAMBA - APURIMAC'),(2688,'TAMBURCO - APURIMAC'),(2689,'TINTAY - APURIMAC'),(2690,'URANMARCA - APURIMAC'),(2691,'URIPA - APURIMAC'),(2692,'VILLA AMPAY - APURIMAC'),(2693,'ACARI - AREQUIPA'),(2694,'ACEQUIA ALTA - AREQUIPA'),(2695,'ACHANIZO - AREQUIPA'),(2696,'AEROPUERTO - AREQUIPA'),(2697,'AEROPUERTO VELASCO ASTETE - AREQUIPA'),(2698,'ALTO SELVA ALEGRE - AREQUIPA'),(2699,'ANDRES AVELINO CÁCERES - AREQUIPA'),(2700,'ATICO - AREQUIPA'),(2701,'BELLA UNIÓN - AREQUIPA'),(2702,'CABANACONDE - AREQUIPA'),(2703,'CAMANA - AREQUIPA'),(2704,'CARAVELÍ - AREQUIPA'),(2705,'CASIMIRO CUADRO - AREQUIPA'),(2706,'CASTILLA - APLAO - AREQUIPA'),(2707,'CAYLLOMA - AREQUIPA'),(2708,'CAYMA - AREQUIPA'),(2709,'CAYMA – DEAN VALDIVIA - AREQUIPA'),(2710,'CERRO COLORADO - AREQUIPA'),(2711,'CHALA - AREQUIPA'),(2712,'CHARACATO - AREQUIPA'),(2713,'CHIGUATA - AREQUIPA'),(2714,'CHIVAY – CAYLLOMA - AREQUIPA'),(2715,'CHUQUIBAMBA - AREQUIPA'),(2716,'CHUQUIBAMBA – CONDESUYOS - AREQUIPA'),(2717,'CIUDAD BLANCA - AREQUIPA'),(2718,'CIUDAD DE DIOS - AREQUIPA'),(2719,'CIUDAD MI TRABAJO - AREQUIPA'),(2720,'CIUDAD MUNICIPAL - AREQUIPA'),(2721,'COLQUE APAZA - AREQUIPA'),(2722,'COMTUR AREQUIPA - AREQUIPA'),(2723,'DEAN VALDIVIA – LA CURVA - AREQUIPA'),(2724,'DEPINCRI  - CAMANA - AREQUIPA'),(2725,'DEPINCRI - AREQUIPA - AREQUIPA'),(2726,'DEPINCRI CUSCO - AREQUIPA'),(2727,'DEPROVE AREQUIPA - AREQUIPA'),(2728,'DIVINDAT - AREQUIPA - AREQUIPA'),(2729,'EL TRIUNFO - AREQUIPA'),(2730,'HAQUIRA - AREQUIPA'),(2731,'HUANCA - AREQUIPA'),(2732,'HUNTER - AREQUIPA'),(2733,'INDEPENDENCIA - AREQUIPA'),(2734,'ISLAY–MATARANI - AREQUIPA'),(2735,'ISRAEL - AREQUIPA'),(2736,'JERUSALEM - AREQUIPA'),(2737,'JESÚS MARÍA - AREQUIPA'),(2738,'JOSÉ LUIS BUSTAMENTE Y RIVERO - AREQUIPA'),(2739,'JOSE M. QUIMPER - EL CARDO - AREQUIPA'),(2740,'LA JOYA - AREQUIPA'),(2741,'LA JOYA – SAN ISIDRO - AREQUIPA'),(2742,'LA UNION - AREQUIPA'),(2743,'LLATAS CASTRO - AREQUIPA'),(2744,'LOMAS - AREQUIPA'),(2745,'MARIANO MELGAR - AREQUIPA'),(2746,'MARISCAL CACERES - PUCCHUN - AREQUIPA'),(2747,'MARISCAL CÁCERES - SAN JOSE - AREQUIPA'),(2748,'MARISCAL CASTILLA - AREQUIPA'),(2749,'MEJÍA - AREQUIPA'),(2750,'MIGUEL GRAU - AREQUIPA'),(2751,'MINAS MADRIGAL - AREQUIPA'),(2752,'MIRAFLORES – ALTO MISTI - AREQUIPA'),(2753,'MOLLEBAYA - AREQUIPA'),(2754,'MOLLENDO – ISLAY - AREQUIPA'),(2755,'NICOLÁS DE PIÉROLA-SAN GREGORIO - AREQUIPA'),(2756,'OCOÑA - AREQUIPA'),(2757,'ORCOPAMPA - AREQUIPA'),(2758,'PALACIO VIEJO - AREQUIPA'),(2759,'PAMPA DE CAMARONES - AREQUIPA'),(2760,'PAMPACOLCA - AREQUIPA'),(2761,'PAUCARPATA-CAMPO DE MARTE - AREQUIPA'),(2762,'PEDREGAL - AREQUIPA'),(2763,'POCSI - AREQUIPA'),(2764,'POLOBAYA - AREQUIPA'),(2765,'PUNTA DE BOMBÓN - AREQUIPA'),(2766,'SABANDIA - AREQUIPA'),(2767,'SACHACA - AREQUIPA'),(2768,'SAMUEL PASTOR–LA PAMPA - AREQUIPA'),(2769,'SAN ANTONIO DE CHUCA - AREQUIPA'),(2770,'SAN JUAN DE TARUCANI - AREQUIPA'),(2771,'SANTA MARTA - AREQUIPA'),(2772,'SANTA RITA DE SIGUAS - AREQUIPA'),(2773,'SIBAYO - AREQUIPA'),(2774,'SIMÓN BOLIVAR - AREQUIPA'),(2775,'SOCABAYA - AREQUIPA'),(2776,'TIABAYA - AREQUIPA'),(2777,'TINGO - AREQUIPA'),(2778,'UCHUMAYO - AREQUIPA'),(2779,'UCHUMAYO – CONGATA - AREQUIPA'),(2780,'URACA - CORIRE - AREQUIPA'),(2781,'VIRACO - AREQUIPA'),(2782,'YANAHUARA - AREQUIPA'),(2783,'YARABAMBA - AREQUIPA'),(2784,'YAUCA - AREQUIPA'),(2785,'YURA - AREQUIPA'),(2786,'ZAMACOLA - AREQUIPA'),(2787,'ACOSVINCHOS - AYACUCHO'),(2788,'AUCARA - AYACUCHO'),(2789,'AYACUCHO - AYACUCHO'),(2790,'CANGALLO - AYACUCHO'),(2791,'CARMEN ALTO - AYACUCHO'),(2792,'CHALA - AYACUCHO'),(2793,'CHUSCHI - AYACUCHO'),(2794,'DE LA FAMILIA HUANTA - AYACUCHO'),(2795,'DEPINCRI AYACUCHO - AYACUCHO'),(2796,'DEPINCRI HUANTA - AYACUCHO'),(2797,'DEPINCRI VRAEM - AYACUCHO'),(2798,'DEPROVE AYACUCHO - AYACUCHO'),(2799,'DIVINCRI AYACUCHO - AYACUCHO'),(2800,'HUAMANGUILLA - AYACUCHO'),(2801,'HUANCAPI - AYACUCHO'),(2802,'HUANCASANCOS - AYACUCHO'),(2803,'HUANTA - AYACUCHO'),(2804,'LAMPA - AYACUCHO'),(2805,'MOROCHUCOS - AYACUCHO'),(2806,'OCROS - AYACUCHO'),(2807,'PACHIA - AYACUCHO'),(2808,'PALCA - AYACUCHO'),(2809,'PALMAPAMPA - AYACUCHO'),(2810,'PARINACOCHAS - AYACUCHO'),(2811,'PAUCAR DEL SARA SARA - AYACUCHO'),(2812,'PUCARA - AYACUCHO'),(2813,'PUCARÁ - AYACUCHO'),(2814,'PUQUIO - AYACUCHO'),(2815,'QUINUA - AYACUCHO'),(2816,'SAN FRANCISCO - AYACUCHO'),(2817,'SAN MIGUEL-LA MAR - AYACUCHO'),(2818,'SUCRE - AYACUCHO'),(2819,'TACA - AYACUCHO'),(2820,'VILLA CANARIA - AYACUCHO'),(2821,'ALGAMARCA - CAJAMARCA'),(2822,'BAMBAMARCA - CAJAMARCA'),(2823,'BAÑOS DEL INCA - CAJAMARCA'),(2824,'CACHACHI - CAJAMARCA'),(2825,'CAJABAMBA - CAJAMARCA'),(2826,'CAJAMARCA I - CAJAMARCA'),(2827,'CAJAMARCA II - CAJAMARCA'),(2828,'CALQUIS - CAJAMARCA'),(2829,'CATACHE - CAJAMARCA'),(2830,'CATILLUC - CAJAMARCA'),(2831,'CELENDÍN - CAJAMARCA'),(2832,'CHAMAYA - CAJAMARCA'),(2833,'CHILETE - CAJAMARCA'),(2834,'CHIRINOS - CAJAMARCA'),(2835,'CHOROS - CAJAMARCA'),(2836,'CHOTA - CAJAMARCA'),(2837,'COMTUR CAJAMARCA - CAJAMARCA'),(2838,'COMTUR TUMBES - CAJAMARCA'),(2839,'CONTUMAZÁ - CAJAMARCA'),(2840,'CUTERVO - CAJAMARCA'),(2841,'DEPINCRI CAJAMARCA - CAJAMARCA'),(2842,'DEPINCRI JAEN - CAJAMARCA'),(2843,'DEPINCRI LAMBAYEQUE - CAJAMARCA'),(2844,'DEPINCRI MOYOBAMBA - CAJAMARCA'),(2845,'DEPROVE CAJAMARCA - CAJAMARCA'),(2846,'DEPROVE JAEN - CAJAMARCA'),(2847,'DIVTUR CAJAMARCA - CAJAMARCA'),(2848,'EDUARDO VILLANUEVA-LA GRAMA - CAJAMARCA'),(2849,'HUALGAYOC - CAJAMARCA'),(2850,'HUAMBOS - CAJAMARCA'),(2851,'HUASMIN - CAJAMARCA'),(2852,'ICHOCAN - CAJAMARCA'),(2853,'JAEN - CAJAMARCA'),(2854,'JESÚS - CAJAMARCA'),(2855,'LA ENCAÑADA - CAJAMARCA'),(2856,'LLAMA - CAJAMARCA'),(2857,'LLAUCAN - CAJAMARCA'),(2858,'MAGDALENA - CAJAMARCA'),(2859,'NAMORA - CAJAMARCA'),(2860,'NIEPOS - CAJAMARCA'),(2861,'OXAMARCA - CAJAMARCA'),(2862,'PARIACOTO - CAJAMARCA'),(2863,'POMA HUACA - CAJAMARCA'),(2864,'PUCARA - CAJAMARCA'),(2865,'SAN IGNACIO - CAJAMARCA'),(2866,'SAN JOSÉ DE LOURDES - CAJAMARCA'),(2867,'SAN JUAN - CAJAMARCA'),(2868,'SAN MARCOS - CAJAMARCA'),(2869,'SAN PABLO - CAJAMARCA'),(2870,'SANTA CRUZ - CAJAMARCA'),(2871,'SANTA CRUZ DE CUTERVO - CAJAMARCA'),(2872,'SUCRE - CAJAMARCA'),(2873,'TACABAMBA - CAJAMARCA'),(2874,'TAMBORAPA - CAJAMARCA'),(2875,'TEMBLADERA - CAJAMARCA'),(2876,'AEROPUERTO - CALLAO'),(2877,'BARBONCITOS - CALLAO'),(2878,'BELLAVISTA - CALLAO'),(2879,'BOCANEGRA - CALLAO'),(2880,'CALLAO - CALLAO'),(2881,'CARMEN DE LA LEGUA - CALLAO'),(2882,'CIUDAD DEL PESCADOR - CALLAO'),(2883,'CIUDADELA CHALACA - CALLAO'),(2884,'COMTUR CALLAO - CALLAO'),(2885,'COMTUR LIMA SUR - CALLAO'),(2886,'DEPINCRI BELLAVISTA/LA PERLA/C.DE LA LEGUA - CALLAO'),(2887,'DEPINCRI CALLAO/LA PUNTA - CALLAO'),(2888,'DEPINCRI JESUS MARIA - LINCE - CALLAO'),(2889,'DEPINCRI PTE PIEDRA-STA ROS-ANCON - CALLAO'),(2890,'DEPINCRI V.M.T - CALLAO'),(2891,'DEPINCRI VENTANILLA - CALLAO'),(2892,'DEPROVE - CALLAO - CALLAO'),(2893,'DEPROVE LA LIBERTAD - CALLAO'),(2894,'DIRINCRI - UNITIC - CALLAO'),(2895,'DIVIEOD - CALLAO'),(2896,'DIVINROB - CALLAO'),(2897,'DULANTO - CALLAO'),(2898,'ILABAYA TOQUEPALA - CALLAO'),(2899,'JUAN INGUNZA VALDIVIA - CALLAO'),(2900,'LA LEGUA - CALLAO'),(2901,'LA PERLA - CALLAO'),(2902,'LA PUNTA - CALLAO'),(2903,'MARQUEZ - CALLAO'),(2904,'MI PERU - CALLAO'),(2905,'OQUENDO - CALLAO'),(2906,'ORRANTIA - CALLAO'),(2907,'PACHACUTEC - CALLAO'),(2908,'PLAYA RIMAC - CALLAO'),(2909,'PUEBLO LIBRE - CALLAO'),(2910,'RAMON CASTILLA - CALLAO'),(2911,'SAN BORJA - CALLAO'),(2912,'SAN MARTÍN DE P. - CALLAO'),(2913,'SANTA CLARA - CALLAO'),(2914,'SARITA COLONIA - CALLAO'),(2915,'TAHUANTINSUYO - CALLAO'),(2916,'TAMBORAPA - CALLAO'),(2917,'VENTANILLA - CALLAO'),(2918,'VILLA LOS REYES - CALLAO'),(2919,'VITARTE - CALLAO'),(2920,'ACOMAYO - CUSCO'),(2921,'AEROPUERTO VELASCO ASTETE - CUSCO'),(2922,'ANCAHUASI - CUSCO'),(2923,'ANDAHUAYLILLAS - CUSCO'),(2924,'ANTA - CUSCO'),(2925,'CACHIMAYO - CUSCO'),(2926,'CALCA - CUSCO'),(2927,'CAMANTI- QUINCEMIL - CUSCO'),(2928,'CHINCHERO - CUSCO'),(2929,'COMBAPATA - CUSCO'),(2930,'COMISARIA DE LA FAMILIA - CUSCO'),(2931,'COMTUR CUSCO - CUSCO'),(2932,'COMTUR LIMA NORTE - CUSCO'),(2933,'CUSCO  -   CUSCO - CUSCO'),(2934,'CUZCO - WANCHAC - CUSCO'),(2935,'DEPINCRI CUSCO - CUSCO'),(2936,'DEPINCRI LA CONVENCION - CUSCO'),(2937,'DEPINCRI SICUANI - CANCHIS - CUSCO'),(2938,'DEPINCRI VRAEM - CUSCO'),(2939,'DEPROVE CUSCO - CUSCO'),(2940,'DEPROVE LA CONVENCION - CUSCO'),(2941,'DEPROVE TACNA - CUSCO'),(2942,'ECHARATE - CUSCO'),(2943,'ESPINAR-YAURI - CUSCO'),(2944,'HUANCARANI - CUSCO'),(2945,'HUARO - CUSCO'),(2946,'HUAROCONDO - CUSCO'),(2947,'HUIRO - CUSCO'),(2948,'INDEPENDENCIA - CUSCO'),(2949,'LA QUEBRADA - CUSCO'),(2950,'LIMATAMBO - CUSCO'),(2951,'LUCRE - CUSCO'),(2952,'MACHUCPICHU - CUSCO'),(2953,'MARANGANI - CUSCO'),(2954,'MARANURA - CUSCO'),(2955,'MARAS - CUSCO'),(2956,'OCOBAMBA - CUSCO'),(2957,'OROPESA - CUSCO'),(2958,'OROPESA- HUAMBUTIO - CUSCO'),(2959,'PARURO - CUSCO'),(2960,'PAUCARA - CUSCO'),(2961,'PAUCARTAMBO - CUSCO'),(2962,'PISAC - CUSCO'),(2963,'PITUMARCA - CUSCO'),(2964,'POMACANCHI - CUSCO'),(2965,'POROY - CUSCO'),(2966,'PUCYURA - CUSCO'),(2967,'QUIQUIJANA - CUSCO'),(2968,'QUISPICANCHIS - OCONGATE - CUSCO'),(2969,'SAN FRANCISCO - CUSCO'),(2970,'SAN JERÓNIMO - CUSCO'),(2971,'SAN SALVADOR - CUSCO'),(2972,'SAN SEBASTIÁN - CUSCO'),(2973,'SANTA ANA – PAVAYOC - CUSCO'),(2974,'SANTA ANA- QUILLABAMBA - CUSCO'),(2975,'SANTA MARIA - CUSCO'),(2976,'SANTA TERESA - CUSCO'),(2977,'SANTIAGO - CUSCO'),(2978,'SANTO TOMAS - CUSCO'),(2979,'SAYLLA - CUSCO'),(2980,'SICUANI - CUSCO'),(2981,'SIPASPUCYO - CUSCO'),(2982,'SIVIA - CUSCO'),(2983,'TAHUANTINSUYO - CUSCO'),(2984,'TINTA - CUSCO'),(2985,'TORCOMA - CUSCO'),(2986,'TOTORA OROPESA - CUSCO'),(2987,'URCOS - CUSCO'),(2988,'URUBAMBA - CUSCO'),(2989,'URUBAMBA-OLLANTAYTAMBO - CUSCO'),(2990,'VELILLE - CUSCO'),(2991,'VIVA EL PERÚ - CUSCO'),(2992,'YANAOKA - CUSCO'),(2993,'YAURISQUE - CUSCO'),(2994,'ZARZUELA - CUSCO'),(2995,'ZEPITA - CUSCO'),(2996,'ZURITE - CUSCO'),(2997,'DEPINCRI HUANCAVELICA - HUANCAVELICA'),(2998,'DEPROVE HUANCAVELICA - HUANCAVELICA'),(2999,'HUACHOCOLPA - HUANCAVELICA'),(3000,'HUANCAVELICA - HUANCAVELICA'),(3001,'HUANCAYO - HUANCAVELICA'),(3002,'HUAYTARA - HUANCAVELICA'),(3003,'PAMPAS - HUANCAVELICA'),(3004,'PAMPAS–TAYACAJA - HUANCAVELICA'),(3005,'PAUCARA - HUANCAVELICA'),(3006,'ACOMAYO - HUANUCO'),(3007,'AMARILIS - HUANUCO'),(3008,'AMBO - HUANUCO'),(3009,'AUCAYACU - HUANUCO'),(3010,'CAYHUAYNA - HUANUCO'),(3011,'CAYUMBA - HUANUCO'),(3012,'CHAVINILLO - HUANUCO'),(3013,'CODO DE POZUZO - HUANUCO'),(3014,'DEPINCRI HUANUCO - HUANUCO'),(3015,'DEPINCRI PNP UCAYALI - HUANUCO'),(3016,'DEPINCRI PUERTO INCA - HUANUCO'),(3017,'DEPINCRI TINGO MARIA - HUANUCO'),(3018,'DEPROVE HUANUCO - HUANUCO'),(3019,'DEPROVE TINGO MARIA - HUANUCO'),(3020,'DOS DE MAYO LA UNION - HUANUCO'),(3021,'HUÁNUCO - HUANUCO'),(3022,'LLATA - HUANUCO'),(3023,'LOS RANCHOS - HUANUCO'),(3024,'MONZON - HUANUCO'),(3025,'PANAO - HUANUCO'),(3026,'PUERTO INCA - HUANUCO'),(3027,'SAN RAFAEL - HUANUCO'),(3028,'SEGURIDAD DE ESTADO TINGO MARIA - HUANUCO'),(3029,'TINGO MARIA - HUANUCO'),(3030,'TOURNAVISTA - HUANUCO'),(3031,'YAROWILCA - HUANUCO'),(3032,'ALTO LARÁN - ICA'),(3033,'CHALA - ICA'),(3034,'CHINCHA - ICA'),(3035,'CHINCHA BAJA - ICA'),(3036,'CIUDAD DEL PESCADOR - ICA'),(3037,'COMISARIA DE LA FAMILIA - ICA'),(3038,'COMTUR - NASCA - ICA'),(3039,'COMTUR AREQUIPA - ICA'),(3040,'COMTUR LIMA NORTE - ICA'),(3041,'DEPINCRI ICA - ICA'),(3042,'DEPROVE ICA - ICA'),(3043,'DIVIEOD - ICA'),(3044,'EL CARMEN - ICA'),(3045,'EL INGENIO - ICA'),(3046,'ESPINAR-YAURI - ICA'),(3047,'GROCIO PRADO - ICA'),(3048,'GUADALUPE - ICA'),(3049,'HUAMANÍ - ICA'),(3050,'HUMAY - ICA'),(3051,'ICA - ICA'),(3052,'INDEPENDENCIA - ICA'),(3053,'LA TINGUIÑA - ICA'),(3054,'LOS AQUIJES - ICA'),(3055,'LOS MOLINOS - ICA'),(3056,'NAZCA - ICA'),(3057,'PACHACUTEC - ICA'),(3058,'PALPA - ICA'),(3059,'PAMPA VILLACURI - ICA'),(3060,'PARACAS - ICA'),(3061,'PARCONA - ICA'),(3062,'PISCO - ICA'),(3063,'PUEBLO NUEVO - ICA'),(3064,'PUEBLO NUEVO-CHINCHA - ICA'),(3065,'S. J. DE MARCONA - ICA'),(3066,'SALAS - ICA'),(3067,'SAN ANDRES - ICA'),(3068,'SAN ISIDRO - ICA'),(3069,'SAN JUAN BAUTISTA - ICA'),(3070,'SAN MIGUEL - ICA'),(3071,'SANTIAGO - ICA'),(3072,'SUBTANJALLA - ICA'),(3073,'SUNAMPE - ICA'),(3074,'TAMBO DE MORA - ICA'),(3075,'TUPAC AMARU - ICA'),(3076,'VISTA ALEGRE - ICA'),(3077,'ACOBAMBA - JUNIN'),(3078,'ACOLLA - JUNIN'),(3079,'AIJA - JUNIN'),(3080,'APATA - JUNIN'),(3081,'ATALAYA - JUNIN'),(3082,'CARHUAMAYO - JUNIN'),(3083,'CHANCHAMAYO – LA MERCED - JUNIN'),(3084,'CHILCA - JUNIN'),(3085,'CHONGOS ALTO - JUNIN'),(3086,'CHUPACA - JUNIN'),(3087,'COMISARIA DE LA FAMILIA - JUNIN'),(3088,'COMTUR -  JUNIN - JUNIN'),(3089,'CONCEPCIÓN - JUNIN'),(3090,'DEPINCRI CHANCHAMAYO - JUNIN'),(3091,'DEPINCRI HUANCAVELICA - JUNIN'),(3092,'DEPINCRI PNP JUNIN - JUNIN'),(3093,'DEPINCRI VRAEM - JUNIN'),(3094,'DEPROVE HUANCAYO - JUNIN'),(3095,'EL TAMBO - JUNIN'),(3096,'HUANCAVELICA - JUNIN'),(3097,'HUANCAYO - JUNIN'),(3098,'HUASAHUASI - JUNIN'),(3099,'HUAYUCACHI - JUNIN'),(3100,'JAUJA - JUNIN'),(3101,'JUAN INGUNZA VALDIVIA - JUNIN'),(3102,'JUNÍN - JUNIN'),(3103,'MAZAMARI - JUNIN'),(3104,'MONTERREY - JUNIN'),(3105,'MOROCOCHA - JUNIN'),(3106,'ORCOTUNA - JUNIN'),(3107,'PACHACAYO - JUNIN'),(3108,'PALCA - JUNIN'),(3109,'PERENÉ - SANTA ANA - JUNIN'),(3110,'PICHANAKI - JUNIN'),(3111,'PICHARI - JUNIN'),(3112,'SAN AGUSTIN DE CAJAS - JUNIN'),(3113,'SAN BARTOLO - JUNIN'),(3114,'SAN FRANCISCO - JUNIN'),(3115,'SAN JERÓNIMO DE TUNÁN - JUNIN'),(3116,'SAN LUIS DE SHUARO - JUNIN'),(3117,'SAN MARTIN DE PANGOA - JUNIN'),(3118,'SAN RAMÓN - JUNIN'),(3119,'SAPALLANGA - JUNIN'),(3120,'SATIPO - JUNIN'),(3121,'SICAYA - JUNIN'),(3122,'SINCOS - JUNIN'),(3123,'TAMBO - JUNIN'),(3124,'TARMA - JUNIN'),(3125,'TUPAC AMARU - JUNIN'),(3126,'ULCUMAYO - JUNIN'),(3127,'YAULI – LA OROYA - JUNIN'),(3128,'YERBATEROS - JUNIN'),(3129,'AGALLPAMPA - LA LIBERTAD'),(3130,'ALTO TRUJILLO - LA LIBERTAD'),(3131,'ANGASMARCA - LA LIBERTAD'),(3132,'ASCOPE - LA LIBERTAD'),(3133,'AYACUCHO - LA LIBERTAD'),(3134,'BELLAVISTA - LA LIBERTAD'),(3135,'BOLIVAR - LA LIBERTAD'),(3136,'BUENOS AIRES - LA LIBERTAD'),(3137,'CARTAVIO - LA LIBERTAD'),(3138,'CASA GRANDE - LA LIBERTAD'),(3139,'CASCAS - GRAN CHIMU - LA LIBERTAD'),(3140,'CHAGUAL - LA LIBERTAD'),(3141,'CHAO - LA LIBERTAD'),(3142,'CHEPEN - LA LIBERTAD'),(3143,'CHICAMA - LA LIBERTAD'),(3144,'CHICLIN - LA LIBERTAD'),(3145,'CHOCOPE - LA LIBERTAD'),(3146,'CIUDAD DE DIOS - LA LIBERTAD'),(3147,'COMISARIA DE LA FAMILIA - LA LIBERTAD'),(3148,'CURGOS - LA LIBERTAD'),(3149,'DEPINCRI CENTRO LA LIBERTAD - LA LIBERTAD'),(3150,'DEPINCRI CHEPEN - LA LIBERTAD'),(3151,'DEPINCRI ESTE TRUJILLO - LA LIBERTAD'),(3152,'DEPINCRI HUAMACHUCO - LA LIBERTAD'),(3153,'DEPINCRI ILO - LA LIBERTAD'),(3154,'DEPINCRI NORTE - LA LIBERTAD'),(3155,'DEPINCRI PACASMAYO - LA LIBERTAD'),(3156,'DEPINCRI PAIJAN - LA LIBERTAD'),(3157,'DEPINCRI PNP HUAMACH. - LA LIBERTAD'),(3158,'DEPINCRI VIRU - LA LIBERTAD'),(3159,'DEPROVE LA LIBERTAD - LA LIBERTAD'),(3160,'EL ALAMBRE - LA LIBERTAD'),(3161,'EL MILAGRO - LA LIBERTAD'),(3162,'FLORENCIA DE MORA - LA LIBERTAD'),(3163,'GUADALUPE - LA LIBERTAD'),(3164,'GUADALUPITO - LA LIBERTAD'),(3165,'HUAMACHUCO - LA LIBERTAD'),(3166,'HUANCHACO - LA LIBERTAD'),(3167,'JEQUETEPEQUE - LA LIBERTAD'),(3168,'JULCAN - LA LIBERTAD'),(3169,'LA ESPERANZA - JERUSALEN - LA LIBERTAD'),(3170,'LA NORIA - LA LIBERTAD'),(3171,'LA PASCANA - LA LIBERTAD'),(3172,'LAREDO - LA LIBERTAD'),(3173,'LEONARDO ORTIZ - LA LIBERTAD'),(3174,'LLACUABAMBA - LA LIBERTAD'),(3175,'MACHE - LA LIBERTAD'),(3176,'MIRAMAR - LA LIBERTAD'),(3177,'MOCHE - LA LIBERTAD'),(3178,'NICOLAS ALCAZAR - LA LIBERTAD'),(3179,'OTUZCO - LA LIBERTAD'),(3180,'PACANGA - LA LIBERTAD'),(3181,'PACANGUILLA - LA LIBERTAD'),(3182,'PACASMAYO - LA LIBERTAD'),(3183,'PAIJAN - LA LIBERTAD'),(3184,'POROTO - LA LIBERTAD'),(3185,'PUEBLO NUEVO - LA LIBERTAD'),(3186,'QUIRUVILCA - LA LIBERTAD'),(3187,'RAZURI - LA LIBERTAD'),(3188,'RETAMAS - LA LIBERTAD'),(3189,'ROMA - LA LIBERTAD'),(3190,'SALAVERRY - LA LIBERTAD'),(3191,'SALPO - LA LIBERTAD'),(3192,'SAMNE - LA LIBERTAD'),(3193,'SAN PEDRO DE LLOC - LA LIBERTAD'),(3194,'SANCHEZ CARRION - LA LIBERTAD'),(3195,'SANTA LUZMILA - LA LIBERTAD'),(3196,'SANTIAGO DE CAO - LA LIBERTAD'),(3197,'SANTIAGO DE CHUCO - LA LIBERTAD'),(3198,'SAUSAL - LA LIBERTAD'),(3199,'TALAMBO - LA LIBERTAD'),(3200,'TAYABAMBA PATAZ - LA LIBERTAD'),(3201,'VICTOR RAUL VIRU - LA LIBERTAD'),(3202,'VIJUS - LA LIBERTAD'),(3203,'VIRU - LA LIBERTAD'),(3204,'AEROPUERTO - LAMBAYEQUE'),(3205,'ATUSPARIAS - LAMBAYEQUE'),(3206,'BATAN GRANDE - LAMBAYEQUE'),(3207,'CAJAMARCA II - LAMBAYEQUE'),(3208,'CALUPE - LAMBAYEQUE'),(3209,'CAMPODÓNICO - LAMBAYEQUE'),(3210,'CAP. FAP J. QUIÑONES - LAMBAYEQUE'),(3211,'CAYALTI - LAMBAYEQUE'),(3212,'CHONGOYAPE - LAMBAYEQUE'),(3213,'CIUDAD ETEN - LAMBAYEQUE'),(3214,'COMISARIA DE LA FAMILIA - LAMBAYEQUE'),(3215,'COMTUR  LAMBAYEQUE - LAMBAYEQUE'),(3216,'CRUZ DEL MEDANO - LAMBAYEQUE'),(3217,'DEL NORTE - LAMBAYEQUE'),(3218,'DEPINCRI CAJAMARCA - LAMBAYEQUE'),(3219,'DEPINCRI LAMBAYEQUE - LAMBAYEQUE'),(3220,'DEPINCRI PNP CHIMBOTE - LAMBAYEQUE'),(3221,'DEPROVE CHICLAYO - LAMBAYEQUE'),(3222,'EL PORVENIR - LAMBAYEQUE'),(3223,'FERREÑAFE - LAMBAYEQUE'),(3224,'ILLIMO - LAMBAYEQUE'),(3225,'JAYANCA - LAMBAYEQUE'),(3226,'LA VICTORIA - LAMBAYEQUE'),(3227,'LAMBAYEQUE - LAMBAYEQUE'),(3228,'LEONARDO ORTIZ - LAMBAYEQUE'),(3229,'LLATAS CASTRO - LAMBAYEQUE'),(3230,'MOCHUMI - LAMBAYEQUE'),(3231,'MOCUPE - LAMBAYEQUE'),(3232,'MONSEFÚ - LAMBAYEQUE'),(3233,'MOTUPE - LAMBAYEQUE'),(3234,'OLMOS - LAMBAYEQUE'),(3235,'OYOTUN - LAMBAYEQUE'),(3236,'PACORA - LAMBAYEQUE'),(3237,'PAMPA GRANDE - LAMBAYEQUE'),(3238,'PÁTAPO - LAMBAYEQUE'),(3239,'PICSI - LAMBAYEQUE'),(3240,'PIMENTEL - LAMBAYEQUE'),(3241,'POMALCA - LAMBAYEQUE'),(3242,'POSOPE ALTO - LAMBAYEQUE'),(3243,'PUCALA - LAMBAYEQUE'),(3244,'PUEBLO LIBRE - LAMBAYEQUE'),(3245,'PUERTO ETEN - LAMBAYEQUE'),(3246,'REQUE - LAMBAYEQUE'),(3247,'SALTUR - LAMBAYEQUE'),(3248,'SAN JOSE - LAMBAYEQUE'),(3249,'SAN MARTIN DE PORRAS - LAMBAYEQUE'),(3250,'SANTA ROSA - CHICLAYO - LAMBAYEQUE'),(3251,'SAÑA - LAMBAYEQUE'),(3252,'TUCUME - LAMBAYEQUE'),(3253,'TUMAN - LAMBAYEQUE'),(3254,'TURISMO - HUARAZ - LAMBAYEQUE'),(3255,'10 DE OCTUBRE - LIMA'),(3256,'AEROPUERTO - LIMA'),(3257,'ALFONSO UGARTE - LIMA'),(3258,'ANCÓN - LIMA'),(3259,'APOLO - LIMA'),(3260,'BARBONCITOS - LIMA'),(3261,'BARRANCO - LIMA'),(3262,'BAYOVAR - LIMA'),(3263,'BOCANEGRA - LIMA'),(3264,'BREÑA - LIMA'),(3265,'CAJA DE AGUA - LIMA'),(3266,'CANTO REY - LIMA'),(3267,'CARABAYLLO - LIMA'),(3268,'CARMEN DE LA LEGUA - LIMA'),(3269,'CERRO AZUL - LIMA'),(3270,'CHACARILLA - LIMA'),(3271,'CHACLACAYO - LIMA'),(3272,'CHACRA COLORADA - LIMA'),(3273,'CHANCAY - LIMA'),(3274,'CHILCA - LIMA'),(3275,'CHORRILLOS - LIMA'),(3276,'CHOSICA - LIMA'),(3277,'CIENEGUILLA - LIMA'),(3278,'CIUDAD MUNICIPAL - LIMA'),(3279,'CIUDAD Y CAMPO - LIMA'),(3280,'COLLIQUE - LIMA'),(3281,'COMAS - LIMA'),(3282,'COMISARIA DE MUJERES DE INDEPENDENCIA - LIMA'),(3283,'COMTUR LIMA NORTE - LIMA'),(3284,'COMTUR LIMA SUR - LIMA'),(3285,'CONCEPCIÓN - LIMA'),(3286,'CONDE DE LA VEGA - LIMA'),(3287,'CONDEVILLA - LIMA'),(3288,'COTABAMBAS - LIMA'),(3289,'DEIROVE CHOSICA - LIMA'),(3290,'DEPINCRI ATE VITARTE-STA ANITA - LIMA'),(3291,'DEPINCRI BARRANCO-CHORRILLOS - LIMA'),(3292,'DEPINCRI BRENA-PUEBLO LIBRE - LIMA'),(3293,'DEPINCRI CALLAO/LA PUNTA - LIMA'),(3294,'DEPINCRI CAÑETE - LIMA'),(3295,'DEPINCRI CARABAYLLO - LIMA'),(3296,'DEPINCRI CHACLACAYO-LURIG-CHOSICA-HUAROCHIRI (SEDE CHOSICA) - LIMA'),(3297,'DEPINCRI CHACLACAYO-LURIG-CHOSICA-HUAROCHIRI (SEDE HUACHIPA) - LIMA'),(3298,'DEPINCRI COMAS - LIMA'),(3299,'DEPINCRI CUSCO - LIMA'),(3300,'DEPINCRI EL AGUSTINO - LIMA'),(3301,'DEPINCRI ICA - LIMA'),(3302,'DEPINCRI INDEPENDENCIA - LIMA'),(3303,'DEPINCRI JESUS MARIA - LINCE - LIMA'),(3304,'DEPINCRI LA MOLINA - CIENEGUILLA - LIMA'),(3305,'DEPINCRI LA VICTORIA - SAN LUIS - LIMA'),(3306,'DEPINCRI LIMA - CERCADO - LIMA'),(3307,'DEPINCRI LOS OLIVOS - LIMA'),(3308,'DEPINCRI LURIN -PACHACAMAC Y BALNEARIOS - LIMA'),(3309,'DEPINCRI MAGDALENA-SAN MIGUEL - LIMA'),(3310,'DEPINCRI PASCO - LIMA'),(3311,'DEPINCRI PNP ANCASH - LIMA'),(3312,'DEPINCRI PNP CHIMBOTE - LIMA'),(3313,'DEPINCRI PTE PIEDRA-STA ROS-ANCON - LIMA'),(3314,'DEPINCRI RIMAC - LIMA'),(3315,'DEPINCRI S.J.L 01 - LIMA'),(3316,'DEPINCRI S.J.M - LIMA'),(3317,'DEPINCRI SAN BORJA - SURQUILLO - LIMA'),(3318,'DEPINCRI SAN ISIDRO - MIRAFLORES - LIMA'),(3319,'DEPINCRI SAN MARTIN DE PORRES - LIMA'),(3320,'DEPINCRI SANTIAGO DE SURCO - LIMA'),(3321,'DEPINCRI SJL - 02 - LIMA'),(3322,'DEPINCRI V.E.S - LIMA'),(3323,'DEPINCRI V.M.T - LIMA'),(3324,'DEPINCRI VENTANILLA - LIMA'),(3325,'DEPROVE - CALLAO - LIMA'),(3326,'DEPROVE - LIMA CENTRO - LIMA'),(3327,'DEPROVE - LIMA NORTE - LIMA'),(3328,'DEPROVE - LIMA SUR - LIMA'),(3329,'DEPROVE HUANUCO - LIMA'),(3330,'DIRINCRI - DIVPIRV LIMA CENTRO - LIMA'),(3331,'DIRINCRI - UNITIC - LIMA'),(3332,'DIVASSOC - LIMA'),(3333,'DIVIDCE - LIMA'),(3334,'DIVIEOD - LIMA'),(3335,'DIVINCCO - LIMA'),(3336,'DIVINROB - LIMA'),(3337,'DIVINSE - LIMA'),(3338,'DIVPOL CHOSICA - LIMA'),(3339,'EL AGUSTINO - LIMA'),(3340,'EL MANZANO - LIMA'),(3341,'EL TAMBO - LIMA'),(3342,'FLOR DE AMANCAES - LIMA'),(3343,'HUACHIPA - LIMA'),(3344,'HUANCAYO - LIMA'),(3345,'HUARAZ - LIMA'),(3346,'HUAYCAN - LIMA'),(3347,'INDEPENDENCIA - LIMA'),(3348,'JC MARIATEGUI - LIMA'),(3349,'JESÚS MARÍA - LIMA'),(3350,'JICAMARCA - LIMA'),(3351,'JOSÉ GALVEZ - LIMA'),(3352,'JUAN INGUNZA VALDIVIA - LIMA'),(3353,'LA ENSENADA - LIMA'),(3354,'LA HUAYRONA - LIMA'),(3355,'LA LEGUA - LIMA'),(3356,'LA MOLINA - LIMA'),(3357,'LA PASCANA - LIMA'),(3358,'LA PERLA - LIMA'),(3359,'LA UNIFICADA - LIMA'),(3360,'LA VICTORIA - LIMA'),(3361,'LADERAS DE VILLA - LIMA'),(3362,'LAS PRADERAS - LIMA'),(3363,'LAURA CALLER - LIMA'),(3364,'LEONARDO ORTIZ - LIMA'),(3365,'LINCE - LIMA'),(3366,'LURÍN - LIMA'),(3367,'MAGDALENA - LIMA'),(3368,'MANCHAY - LIMA'),(3369,'MARANGA - LIMA'),(3370,'MARISCAL CACERES - LIMA'),(3371,'MATEO PUMACAHUA - LIMA'),(3372,'MATUCANA - LIMA'),(3373,'MIRAFLORES – EL PORVENIR - LIMA'),(3374,'MIRAFLORES - LIMA'),(3375,'MIRONES BAJOS - LIMA'),(3376,'MONSERRATE - LIMA'),(3377,'MONTERRICO - LIMA'),(3378,'NUEVA ESPERANZA - LIMA'),(3379,'ORRANTIA - LIMA'),(3380,'PACHACAMAC - LIMA'),(3381,'PALOMINO - LIMA'),(3382,'PAMPLONA I - LIMA'),(3383,'PAMPLONA II - LIMA'),(3384,'PAYET - LIMA'),(3385,'PETTIT THOUARS - LIMA'),(3386,'PICHANAKI - LIMA'),(3387,'PIEDRA LIZA - LIMA'),(3388,'PIURA - LIMA'),(3389,'PRO - LIMA'),(3390,'PROGRESO - LIMA'),(3391,'PUCUSANA - LIMA'),(3392,'PUEBLO LIBRE - LIMA'),(3393,'PUENTE PIEDRA - LIMA'),(3394,'PUNTA HERMOSA - LIMA'),(3395,'PUNTA NEGRA - LIMA'),(3396,'RICARDO PALMA - LIMA'),(3397,'RIMAC - LIMA'),(3398,'S.F. TABLADA L. - LIMA'),(3399,'SAGITARIO - LIMA'),(3400,'SALAMANCA - LIMA'),(3401,'SAN ANDRÉS - LIMA'),(3402,'SAN ANTONIO - LIMA'),(3403,'SAN BARTOLO - LIMA'),(3404,'SAN BORJA - LIMA'),(3405,'SAN CAYETANO - LIMA'),(3406,'SAN COSME - LIMA'),(3407,'SAN GENARO - LIMA'),(3408,'SAN ISIDRO - LIMA'),(3409,'SAN JOSÉ - LIMA'),(3410,'SAN JUAN DE M. - LIMA'),(3411,'SAN LUIS - LIMA'),(3412,'SAN MARTÍN DE P. - LIMA'),(3413,'SAN MIGUEL - LIMA'),(3414,'SAN MIGUEL-LA MAR - LIMA'),(3415,'SAN PEDRO - LIMA'),(3416,'SANTA ANITA - LIMA'),(3417,'SANTA CLARA - LIMA'),(3418,'SANTA ELIZABETH - LIMA'),(3419,'SANTA FELICIA - LIMA'),(3420,'SANTA ISABEL - LIMA'),(3421,'SANTA LUZMILA - LIMA'),(3422,'SANTA MARÍA DEL MAR - LIMA'),(3423,'SANTA ROSA - LIMA'),(3424,'SANTOYO - LIMA'),(3425,'SARITA COLONIA - LIMA'),(3426,'SOL DE ORO - LIMA'),(3427,'SURCO - LIMA'),(3428,'SURQUILLO - LIMA'),(3429,'TAHUANTINSUYO - LIMA'),(3430,'TUPAC AMARU - LIMA'),(3431,'UNIVERSITARIA - LIMA'),(3432,'URB. PACHACAMAC - LIMA'),(3433,'UV-MIRONES - LIMA'),(3434,'UV-Nº3 - LIMA'),(3435,'VILLA - LIMA'),(3436,'VILLA ALEJANDRO - LIMA'),(3437,'VILLA EL SALVADOR - LIMA'),(3438,'VILLA HERMOSA - LIMA'),(3439,'VILLA LOS REYES - LIMA'),(3440,'VITARTE - LIMA'),(3441,'VMT - LIMA'),(3442,'YAULI – LA OROYA - LIMA'),(3443,'YERBATEROS - LIMA'),(3444,'ZAPALLAL - LIMA'),(3445,'ZARATE - LIMA'),(3446,'ASIA - LIMA PROVINCIAS'),(3447,'BARRANCA - LIMA PROVINCIAS'),(3448,'CALANGO - LIMA PROVINCIAS'),(3449,'CANTA - LIMA PROVINCIAS'),(3450,'CATAHUASI - LIMA PROVINCIAS'),(3451,'CERRO AZUL - LIMA PROVINCIAS'),(3452,'CHANCAY - LIMA PROVINCIAS'),(3453,'CHICLA – CASAPALCA - LIMA PROVINCIAS'),(3454,'COCACHACRA - LIMA PROVINCIAS'),(3455,'DEIROVE CHOSICA - LIMA PROVINCIAS'),(3456,'DEPINCRI BARRANCA - LIMA PROVINCIAS'),(3457,'DEPINCRI CAÑETE - LIMA PROVINCIAS'),(3458,'DEPINCRI CAÑETE - SEINCRI MALA - LIMA PROVINCIAS'),(3459,'DEPINCRI CENTRO LA LIBERTAD - LIMA PROVINCIAS'),(3460,'DEPINCRI HUACHO - LIMA PROVINCIAS'),(3461,'DEPINCRI HUARAL - LIMA PROVINCIAS'),(3462,'DEPINCRI PNP CHIMBOTE - LIMA PROVINCIAS'),(3463,'DEPINCRI SANTIAGO DE SURCO - LIMA PROVINCIAS'),(3464,'DEPROVE - LIMA CENTRO - LIMA PROVINCIAS'),(3465,'DEPROVE CAÑETE - LIMA PROVINCIAS'),(3466,'DEPROVE HUACHO - LIMA PROVINCIAS'),(3467,'DEPROVE TARAPOTO - LIMA PROVINCIAS'),(3468,'DIVASSOC - LIMA PROVINCIAS'),(3469,'DIVIEOD - LIMA PROVINCIAS'),(3470,'HUACHO - LIMA PROVINCIAS'),(3471,'HUALMAY-CRUZ BLANCA - LIMA PROVINCIAS'),(3472,'HUANGASCAR - LIMA PROVINCIAS'),(3473,'HUÁNUCO - LIMA PROVINCIAS'),(3474,'HUARAL - LIMA PROVINCIAS'),(3475,'HUAURA - LIMA PROVINCIAS'),(3476,'IMPERIAL - LIMA PROVINCIAS'),(3477,'INDEPENDENCIA - LIMA PROVINCIAS'),(3478,'JICAMARCA - LIMA PROVINCIAS'),(3479,'JUAN INGUNZA VALDIVIA - LIMA PROVINCIAS'),(3480,'LUNAHUANÁ - LIMA PROVINCIAS'),(3481,'MALA - LIMA PROVINCIAS'),(3482,'MATUCANA - LIMA PROVINCIAS'),(3483,'NUEVO IMPERIAL - LIMA PROVINCIAS'),(3484,'OYON - LIMA PROVINCIAS'),(3485,'PACARAN - LIMA PROVINCIAS'),(3486,'PACHANGARA -CHURÍN - LIMA PROVINCIAS'),(3487,'PARAMÓNGA - LIMA PROVINCIAS'),(3488,'PATIVILCA - LIMA PROVINCIAS'),(3489,'PRO - LIMA PROVINCIAS'),(3490,'PUEBLO NUEVO DE CONTA - LIMA PROVINCIAS'),(3491,'QUILMANA - LIMA PROVINCIAS'),(3492,'RICARDO PALMA - LIMA PROVINCIAS'),(3493,'SAN ANTONIO DE CAÑETE - LIMA PROVINCIAS'),(3494,'SAN BARTOLO - LIMA PROVINCIAS'),(3495,'SAN LUIS (CAÑETE) - LIMA PROVINCIAS'),(3496,'SAN MATEO - LIMA PROVINCIAS'),(3497,'SAN PEDRO DE CAPILLUCA - LIMA PROVINCIAS'),(3498,'SAN VICENTE DE CAÑETE - LIMA PROVINCIAS'),(3499,'SANTA EULALIA - LIMA PROVINCIAS'),(3500,'SANTA ROSA IRRIGACION - LIMA PROVINCIAS'),(3501,'SAYÁN - LIMA PROVINCIAS'),(3502,'SOL DE ORO - LIMA PROVINCIAS'),(3503,'SUPE PUERTO - LIMA PROVINCIAS'),(3504,'SUPE- SUPE PUEBLO - LIMA PROVINCIAS'),(3505,'VEGUETA - LIMA PROVINCIAS'),(3506,'YANGAS - LIMA PROVINCIAS'),(3507,'YAUYOS - LIMA PROVINCIAS'),(3508,'9 DE OCTUBRE - LORETO'),(3509,'AEROPUERTO - LORETO'),(3510,'ALTO AMAZONAS- YURIMAGUAS - LORETO'),(3511,'AUCAYACU - LORETO'),(3512,'BELEN - LORETO'),(3513,'COMTUR IQUITOS - LORETO'),(3514,'CONTAMANA - LORETO'),(3515,'DEPINCRI PNP LORETO - LORETO'),(3516,'DEPINCRI YURIMAGUAS - LORETO'),(3517,'HUANCAYO - LORETO'),(3518,'IQUITOS - LORETO'),(3519,'LORETO – NAUTA - LORETO'),(3520,'MARISCAL CASTILLA–CABALLOCOCHA - LORETO'),(3521,'MAYNAS – MAZAN - LORETO'),(3522,'MORONACOCHA - LORETO'),(3523,'PEBAS - LORETO'),(3524,'PUNCHANA - LORETO'),(3525,'PVF SANTA ROSA - LORETO'),(3526,'REQUENA - LORETO'),(3527,'SAN JUAN BAUTISTA - LORETO'),(3528,'VMT - LORETO'),(3529,'BOCA COLORADO - MADRE DE DIOS'),(3530,'COMTUR AREQUIPA - MADRE DE DIOS'),(3531,'DEPINCRI MADRE DE DIOS - MADRE DE DIOS'),(3532,'DEPROVE MADRE DE DIOS - MADRE DE DIOS'),(3533,'HUEPETUHE - MADRE DE DIOS'),(3534,'LABERINTO - MADRE DE DIOS'),(3535,'MAZUKO - MADRE DE DIOS'),(3536,'PLANCHON - MADRE DE DIOS'),(3537,'PUERTO MALDONADO - MADRE DE DIOS'),(3538,'SANTA ROSA - INAMBARI - MADRE DE DIOS'),(3539,'TAMBOPATA - MADRE DE DIOS'),(3540,'CIUDAD NUEVA - MOQUEGUA'),(3541,'CUAJONE - MOQUEGUA'),(3542,'DEPINCRI APURIMAC - MOQUEGUA'),(3543,'DEPINCRI ILO - MOQUEGUA'),(3544,'DEPINCRI MOQUEGUA - MOQUEGUA'),(3545,'DEPROVE MOQUEGUA - MOQUEGUA'),(3546,'DIVINCRI MOQUEGUA - MOQUEGUA'),(3547,'ILO - MOQUEGUA'),(3548,'MOQUEGUA - MOQUEGUA'),(3549,'OMATE - MOQUEGUA'),(3550,'PAMPA INALAMBRICA - MOQUEGUA'),(3551,'PEDREGAL - MOQUEGUA'),(3552,'SAMEGUA - MOQUEGUA'),(3553,'SAN ANTONIO - MOQUEGUA'),(3554,'CHAUPIMARCA – LA ESPERANZA - PASCO'),(3555,'CHAUPIMARCA - PASCO'),(3556,'CHUPACA - PASCO'),(3557,'COCHAMARCA - PASCO'),(3558,'DANIEL ALCIDES CARRIÓN-YANAHUANCA - PASCO'),(3559,'DEPINCRI PASCO - PASCO'),(3560,'DEPINCRI PUERTO INCA - PASCO'),(3561,'DEPROVE PASCO - PASCO'),(3562,'HUACHON - PASCO'),(3563,'HUALLAY - PASCO'),(3564,'HUARIACA - PASCO'),(3565,'OXAPAMPA - PASCO'),(3566,'PAUCAR - PASCO'),(3567,'PAUCARTAMBO - PASCO'),(3568,'POZUZO - PASCO'),(3569,'PUERTO BERMUDEZ - PASCO'),(3570,'SAN FCO ASÍS DE YARUSYACAN-MILPO - PASCO'),(3571,'SANTA ANA DE TUSSI - PASCO'),(3572,'TICLACAYAN – CHICRIN - PASCO'),(3573,'TICLACAYAN - PASCO'),(3574,'TINYAHUARCO–COLQUIJIRCA - PASCO'),(3575,'VILLA RICA - PASCO'),(3576,'YANACANCHA – LA QUINUA - PASCO'),(3577,'YANACANCHA - PASCO'),(3578,'26 DE OCTUBRE - PIURA'),(3579,'AEROPUERTO - PIURA'),(3580,'AMOTAPE - PIURA'),(3581,'AYABACA - PIURA'),(3582,'BELLAVISTA - PIURA'),(3583,'BERNAL - PIURA'),(3584,'BUENOS AIRES - PIURA'),(3585,'CANCHAQUE - PIURA'),(3586,'CARABAYLLO - PIURA'),(3587,'CASTILLA - PIURA'),(3588,'CATACAOS - PIURA'),(3589,'CHULUCANAS - PIURA'),(3590,'CIUDAD DEL PESCADOR - PIURA'),(3591,'COMTUR  MANCORA - PIURA'),(3592,'COMTUR PIURA - PIURA'),(3593,'CRUZ DEL MEDANO - PIURA'),(3594,'CRUZETA - PIURA'),(3595,'CUCUNGARA - PIURA'),(3596,'DEPINCRI  PIURA - PIURA'),(3597,'DEPINCRI COMAS - PIURA'),(3598,'DEPINCRI LAMBAYEQUE - PIURA'),(3599,'DEPINCRI PNP ANCASH - PIURA'),(3600,'DEPINCRI SULLANA - PIURA'),(3601,'DEPROVE PIURA - PIURA'),(3602,'DEPROVE SULLANA - PIURA'),(3603,'EL ALTO - PIURA'),(3604,'EL INDIO - PIURA'),(3605,'EL OBRERO - PIURA'),(3606,'FRIAS - PIURA'),(3607,'HUAMBO AMAZONAS - PIURA'),(3608,'HUANCABAMBA - PIURA'),(3609,'HUARMACA - PIURA'),(3610,'HUAYUCACHI - PIURA'),(3611,'ICA - PIURA'),(3612,'LA ARENA - PIURA'),(3613,'LA LEGUA - PIURA'),(3614,'LA MATANZA - PIURA'),(3615,'LA UNION - PIURA'),(3616,'LAMBAYEQUE - PIURA'),(3617,'LANCONES - PIURA'),(3618,'LAS LOMAS - PIURA'),(3619,'LOS ALGARROBOS - PIURA'),(3620,'LOS ÓRGANOS - PIURA'),(3621,'LOS RANCHOS - PIURA'),(3622,'MÁNCORA - PIURA'),(3623,'MARCAVELICA - PIURA'),(3624,'MIGUEL CHECA - PIURA'),(3625,'MORROPE - PIURA'),(3626,'MORROPÓN - PIURA'),(3627,'NEGRITOS - PIURA'),(3628,'NUEVA SULLANA - PIURA'),(3629,'PACAIPAMPA - PIURA'),(3630,'PACCHA - PIURA'),(3631,'PAIMAS - PIURA'),(3632,'PAITA - PIURA'),(3633,'PARACHIQUE - PIURA'),(3634,'PIURA - PIURA'),(3635,'PUEBLO NUEVO COLAN - PIURA'),(3636,'QUERECOTILLO - PIURA'),(3637,'SALITRAL MORROPON - PIURA'),(3638,'SAN JACINTO - PIURA'),(3639,'SAN LUCAS DE COLAN - PIURA'),(3640,'SAN MARTIN - PIURA'),(3641,'SAN MIGUEL DE EL FAIQUE - PIURA'),(3642,'SAN NICOLAS - PIURA'),(3643,'SANTO DOMINGO - PIURA'),(3644,'SECHURA - PIURA'),(3645,'SICCHEZ - PIURA'),(3646,'SONDORILLO - PIURA'),(3647,'SULLANA - PIURA'),(3648,'SUYO - PIURA'),(3649,'TACALA - PIURA'),(3650,'TALANDRACAS - PIURA'),(3651,'TALARA - PIURA'),(3652,'TALARA ALTA - PIURA'),(3653,'TAMARINDO - PIURA'),(3654,'TAMBOGRANDE - PIURA'),(3655,'VICE - PIURA'),(3656,'YAMANGO - PIURA'),(3657,'YAPATERA - PIURA'),(3658,'ACORA - PUNO'),(3659,'ANANEA - PUNO'),(3660,'ARAPA - PUNO'),(3661,'ASILLO - PUNO'),(3662,'AYAVIRI - PUNO'),(3663,'AZÁNGARO - PUNO'),(3664,'CABANILLAS - PUNO'),(3665,'CAPACHICA - PUNO'),(3666,'CARACOTO - PUNO'),(3667,'CHUCUITO - PUNO'),(3668,'CHUCUITO-DESAGUADERO - PUNO'),(3669,'COLLAO-ILAVE - PUNO'),(3670,'COMISARIA DE LA FAMILIA - PUNO'),(3671,'COMTUR PUNO - PUNO'),(3672,'CONIMA - PUNO'),(3673,'DEPINCRI JULIACA - PUNO'),(3674,'DEPINCRI PUNO - PUNO'),(3675,'DEPROVE COLLAO ILAVE - PUNO'),(3676,'DEPROVE PUNO - PUNO'),(3677,'DEPROVE SAN ROMAN JULIACA - PUNO'),(3678,'HUANCANÉ - PUNO'),(3679,'HUASCAR - PUNO'),(3680,'HUATTA - PUNO'),(3681,'HUAYLAS - CARAZ - PUNO'),(3682,'JULI - PUNO'),(3683,'JULIACA - PUNO'),(3684,'LAMPA - PUNO'),(3685,'LARAQUERI - PUNO'),(3686,'MAÑAZO - PUNO'),(3687,'MAZOCRUZ - PUNO'),(3688,'NUÑOA - PUNO'),(3689,'ORURILLO - PUNO'),(3690,'PAUCARCOLLA - PUNO'),(3691,'PILCUYO - PUNO'),(3692,'PLATERIA - PUNO'),(3693,'PUNO - PUNO'),(3694,'PUSI - PUNO'),(3695,'QUEÑUANI - PUNO'),(3696,'RINCONADA - PUNO'),(3697,'SAN ANTÓN - PUNO'),(3698,'SAN ANTONIO DE PUTINA - PUNO'),(3699,'SAN PEDRO DE MOHO - PUNO'),(3700,'SANDIA - PUNO'),(3701,'SANTA BÁRBARA - PUNO'),(3702,'SANTA LUCÍA - PUNO'),(3703,'SANTIAGO - PUNO'),(3704,'SANTO DOMINGO CHOQUEHUANCA - PUNO'),(3705,'TARACO - PUNO'),(3706,'TERMINAL TERRESTRE - PUNO'),(3707,'TIQUILLACA - PUNO'),(3708,'YANAPATA - PUNO'),(3709,'YUNGUYO - PUNO'),(3710,'BANDA DE SHILCAYO - SAN MARTIN'),(3711,'BELLAVISTA - SAN MARTIN'),(3712,'CALZADA - SAN MARTIN'),(3713,'CHAZUTA - SAN MARTIN'),(3714,'DEPINCRI - SAN MARTIN - SAN MARTIN'),(3715,'DEPINCRI JAEN - SAN MARTIN'),(3716,'DEPINCRI JUANJUI - SAN MARTIN'),(3717,'DEPINCRI MOYOBAMBA - SAN MARTIN'),(3718,'DEPINCRI TOCACHE - SAN MARTIN'),(3719,'DEPROVE MOYOBAMBA - SAN MARTIN'),(3720,'DEPROVE TARAPOTO - SAN MARTIN'),(3721,'JUANJUI - SAN MARTIN'),(3722,'LAMAS - SAN MARTIN'),(3723,'LEONARDO ORTIZ - SAN MARTIN'),(3724,'MADRE MIA - SAN MARTIN'),(3725,'MORALES - SAN MARTIN'),(3726,'MOYOBAMBA - SAN MARTIN'),(3727,'NARANJOS - SAN MARTIN'),(3728,'NUEVO CAJAMARCA - SAN MARTIN'),(3729,'NUEVO LIMA - SAN MARTIN'),(3730,'PACAYZAPA - SAN MARTIN'),(3731,'PAR PAJARILLO - SAN MARTIN'),(3732,'PICOTA - SAN MARTIN'),(3733,'RIOJA - SAN MARTIN'),(3734,'SACANCHE - SAN MARTIN'),(3735,'SAN HILARION - SAN MARTIN'),(3736,'SAN JOSE DE SISA - SAN MARTIN'),(3737,'SAN PABLO - SAN MARTIN'),(3738,'SAPOSOA - SAN MARTIN'),(3739,'SORITOR - SAN MARTIN'),(3740,'TABALOSOS - SAN MARTIN'),(3741,'TARAPOTO - SAN MARTIN'),(3742,'TOCACHE - SAN MARTIN'),(3743,'UCHIZA - SAN MARTIN'),(3744,'UCHUGLLA - SAN MARTIN'),(3745,'YANTALO - SAN MARTIN'),(3746,'ALTO DE LA ALIANZA - TACNA'),(3747,'CENTRAL TACNA - TACNA'),(3748,'CIUDAD NUEVA - TACNA'),(3749,'COMTUR  - TACNA - TACNA'),(3750,'DEPINCRI - TACNA - TACNA'),(3751,'DEPROVE TACNA - TACNA'),(3752,'ESTIQUE PAMPA - TACNA'),(3753,'GREGORIO ALBARRACIN - TACNA'),(3754,'ILABAYA TOQUEPALA - TACNA'),(3755,'LA CONCORDIA - TACNA'),(3756,'PACHIA - TACNA'),(3757,'POCOLLAY - TACNA'),(3758,'SAMA LAS YARAS - TACNA'),(3759,'TACNA - AUGUSTO B. LEGUIA - TACNA'),(3760,'TACNA - GONZALES VIGIL - TACNA'),(3761,'TACNA - NATIVIDAD - TACNA'),(3762,'TARATA - TACNA'),(3763,'TERM. TERRESTRE - TACNA'),(3764,'AGUAS VERDES - TUMBES'),(3765,'ANDRES ARAUJO - TUMBES'),(3766,'CANCAS - TUMBES'),(3767,'CASITAS - CAÑAVERAL - TUMBES'),(3768,'COMISARIA DE LA FAMILIA - TUMBES'),(3769,'COMTUR TUMBES - TUMBES'),(3770,'CORRALES - TUMBES'),(3771,'DEPANDRO TUMBES - TUMBES'),(3772,'DEPINCRI TUMBES - TUMBES'),(3773,'DEPROVE TUMBES - TUMBES'),(3774,'DIRINCRI DEPCRI TUMBES - TUMBES'),(3775,'LA CRUZ - TUMBES'),(3776,'LAURA CALLER - TUMBES'),(3777,'MÁNCORA - TUMBES'),(3778,'PAMPA DE HOSPITAL - TUMBES'),(3779,'PAPAYAL - TUMBES'),(3780,'PUERTO PIZARRO - TUMBES'),(3781,'SAN COSME - TUMBES'),(3782,'SAN ISIDRO - TUMBES'),(3783,'SAN JACINTO - TUMBES'),(3784,'SAN JOSÉ - TUMBES'),(3785,'SAN JUAN DE LA VIRGEN - TUMBES'),(3786,'TABLAZO - TUMBES'),(3787,'ZARUMILLA - TUMBES'),(3788,'ZORRITOS - TUMBES'),(3789,'AEROPUERTO - UCAYALI'),(3790,'AGUAYTIA - UCAYALI'),(3791,'ATALAYA - UCAYALI'),(3792,'CAMPO VERDE - UCAYALI'),(3793,'DEPINCRI HUANUCO - UCAYALI'),(3794,'DEPINCRI JUANJUI - UCAYALI'),(3795,'DEPINCRI PNP UCAYALI - UCAYALI'),(3796,'DEPROVE PUCALLPA - UCAYALI'),(3797,'NESHUYA - UCAYALI'),(3798,'NUEVO PROGRESO - UCAYALI'),(3799,'PUCALLPA - UCAYALI'),(3800,'PUERTO INCA - UCAYALI'),(3801,'SAN ALEJANDRO - UCAYALI'),(3802,'SAN FERNANDO - UCAYALI'),(3803,'VON HUMBOLDT - UCAYALI'),(3804,'YARINACOCHA - UCAYALI');
/*!40000 ALTER TABLE `comisarias` ENABLE KEYS */;
UNLOCK TABLES;

--
-- Table structure for table `denuncias`
--

DROP TABLE IF EXISTS `denuncias`;
/*!40101 SET @saved_cs_client     = @@character_set_client */;
/*!40101 SET character_set_client = utf8 */;
CREATE TABLE `denuncias` (
  `id` int(11) NOT NULL,
  `region_policial_id` int(11) NOT NULL,
  `macro_region_id` int(11) NOT NULL,
  `departamento_id` int(11) NOT NULL,
  `provincia_id` int(11) NOT NULL,
  `distrito_id` int(11) NOT NULL,
  `comisaria_id` int(11) NOT NULL,
  `tipo_dependencia_policial_id` int(11) NOT NULL,
  `tipo_comisaria_id` int(11) NOT NULL,
  `categoria_comisaria_id` int(11) NOT NULL,
  `tipo_unidad_especializada_id` int(11) NOT NULL,
  `situacion_hecho_id` int(11) NOT NULL,
  `tipo_tramite_hecho_id` int(11) NOT NULL,
  `total_resolucion` int(11) DEFAULT NULL,
  `total_documentos_formulado_id` int(11) NOT NULL,
  `total_bandas_desarticuladas` int(11) DEFAULT NULL,
  `total_detenidos_captura_bandas` int(11) DEFAULT NULL,
  `total_organizacion_criminal` int(11) DEFAULT NULL,
  `total_personas_desaparecidas` int(11) DEFAULT NULL,
  `total_personas_aparecidas` int(11) DEFAULT NULL,
  PRIMARY KEY (`id`),
  KEY `fk_denuncias_region_policiales1_idx` (`region_policial_id`),
  KEY `fk_denuncias_macro_regiones1_idx` (`macro_region_id`),
  KEY `fk_denuncias_departamentos1_idx` (`departamento_id`),
  KEY `fk_denuncias_provincias1_idx` (`provincia_id`),
  KEY `fk_denuncias_distritos1_idx` (`distrito_id`),
  KEY `fk_denuncias_comisarias1_idx` (`comisaria_id`),
  KEY `fk_denuncias_tipo_dependencia_policiales1_idx` (`tipo_dependencia_policial_id`),
  KEY `fk_denuncias_tipo_comisarias1_idx` (`tipo_comisaria_id`),
  KEY `fk_denuncias_categoria_comisarias1_idx` (`categoria_comisaria_id`),
  KEY `fk_denuncias_tipo_unidad_especializadas1_idx` (`tipo_unidad_especializada_id`),
  KEY `fk_denuncias_situacion_hecho1_idx` (`situacion_hecho_id`),
  KEY `fk_denuncias_tipo_tramite_hechos1_idx` (`tipo_tramite_hecho_id`),
  KEY `fk_denuncias_total_documentos_formulados1_idx` (`total_documentos_formulado_id`),
  CONSTRAINT `fk_denuncias_categoria_comisarias1` FOREIGN KEY (`categoria_comisaria_id`) REFERENCES `categoria_comisarias` (`id`) ON DELETE NO ACTION ON UPDATE NO ACTION,
  CONSTRAINT `fk_denuncias_comisarias1` FOREIGN KEY (`comisaria_id`) REFERENCES `comisarias` (`id`) ON DELETE NO ACTION ON UPDATE NO ACTION,
  CONSTRAINT `fk_denuncias_departamentos1` FOREIGN KEY (`departamento_id`) REFERENCES `departamentos` (`id`) ON DELETE NO ACTION ON UPDATE NO ACTION,
  CONSTRAINT `fk_denuncias_distritos1` FOREIGN KEY (`distrito_id`) REFERENCES `distritos` (`id`) ON DELETE NO ACTION ON UPDATE NO ACTION,
  CONSTRAINT `fk_denuncias_macro_regiones1` FOREIGN KEY (`macro_region_id`) REFERENCES `macro_regiones` (`id`) ON DELETE NO ACTION ON UPDATE NO ACTION,
  CONSTRAINT `fk_denuncias_provincias1` FOREIGN KEY (`provincia_id`) REFERENCES `provincias` (`id`) ON DELETE NO ACTION ON UPDATE NO ACTION,
  CONSTRAINT `fk_denuncias_region_policiales1` FOREIGN KEY (`region_policial_id`) REFERENCES `region_policiales` (`id`) ON DELETE NO ACTION ON UPDATE NO ACTION,
  CONSTRAINT `fk_denuncias_situacion_hecho1` FOREIGN KEY (`situacion_hecho_id`) REFERENCES `situacion_hechos` (`id`) ON DELETE NO ACTION ON UPDATE NO ACTION,
  CONSTRAINT `fk_denuncias_tipo_comisarias1` FOREIGN KEY (`tipo_comisaria_id`) REFERENCES `tipo_comisarias` (`id`) ON DELETE NO ACTION ON UPDATE NO ACTION,
  CONSTRAINT `fk_denuncias_tipo_dependencia_policiales1` FOREIGN KEY (`tipo_dependencia_policial_id`) REFERENCES `tipo_dependencia_policiales` (`id`) ON DELETE NO ACTION ON UPDATE NO ACTION,
  CONSTRAINT `fk_denuncias_tipo_tramite_hechos1` FOREIGN KEY (`tipo_tramite_hecho_id`) REFERENCES `tipo_tramite_hechos` (`id`) ON DELETE NO ACTION ON UPDATE NO ACTION,
  CONSTRAINT `fk_denuncias_tipo_unidad_especializadas1` FOREIGN KEY (`tipo_unidad_especializada_id`) REFERENCES `tipo_unidad_especializadas` (`id`) ON DELETE NO ACTION ON UPDATE NO ACTION,
  CONSTRAINT `fk_denuncias_total_documentos_formulados1` FOREIGN KEY (`total_documentos_formulado_id`) REFERENCES `total_documentos_formulados` (`id`) ON DELETE NO ACTION ON UPDATE NO ACTION
) ENGINE=InnoDB DEFAULT CHARSET=utf8;
/*!40101 SET character_set_client = @saved_cs_client */;

--
-- Dumping data for table `denuncias`
--

LOCK TABLES `denuncias` WRITE;
/*!40000 ALTER TABLE `denuncias` DISABLE KEYS */;
/*!40000 ALTER TABLE `denuncias` ENABLE KEYS */;
UNLOCK TABLES;

--
-- Table structure for table `departamentos`
--

DROP TABLE IF EXISTS `departamentos`;
/*!40101 SET @saved_cs_client     = @@character_set_client */;
/*!40101 SET character_set_client = utf8 */;
CREATE TABLE `departamentos` (
  `id` int(11) NOT NULL AUTO_INCREMENT,
  `nombre` varchar(45) DEFAULT NULL,
  PRIMARY KEY (`id`)
) ENGINE=InnoDB AUTO_INCREMENT=26 DEFAULT CHARSET=utf8;
/*!40101 SET character_set_client = @saved_cs_client */;

--
-- Dumping data for table `departamentos`
--

LOCK TABLES `departamentos` WRITE;
/*!40000 ALTER TABLE `departamentos` DISABLE KEYS */;
INSERT INTO `departamentos` VALUES (1,'AMAZONAS'),(2,'ANCASH'),(3,'APURIMAC'),(4,'AREQUIPA'),(5,'AYACUCHO'),(6,'CAJAMARCA'),(7,'CALLAO'),(8,'CUSCO'),(9,'HUANCAVELICA'),(10,'HUANUCO'),(11,'ICA'),(12,'JUNIN'),(13,'LA LIBERTAD'),(14,'LAMBAYEQUE'),(15,'LIMA'),(16,'LORETO'),(17,'MADRE DE DIOS'),(18,'MOQUEGUA'),(19,'PASCO'),(20,'PIURA'),(21,'PUNO'),(22,'SAN MARTIN'),(23,'TACNA'),(24,'TUMBES'),(25,'UCAYALI');
/*!40000 ALTER TABLE `departamentos` ENABLE KEYS */;
UNLOCK TABLES;

--
-- Table structure for table `distritos`
--

DROP TABLE IF EXISTS `distritos`;
/*!40101 SET @saved_cs_client     = @@character_set_client */;
/*!40101 SET character_set_client = utf8 */;
CREATE TABLE `distritos` (
  `id` int(11) NOT NULL AUTO_INCREMENT,
  `nombre` varchar(45) DEFAULT NULL,
  `provincia_id` int(11) NOT NULL,
  PRIMARY KEY (`id`),
  KEY `fk_distritos_provincias1_idx` (`provincia_id`),
  CONSTRAINT `fk_distritos_provincias1` FOREIGN KEY (`provincia_id`) REFERENCES `provincias` (`id`) ON DELETE NO ACTION ON UPDATE NO ACTION
) ENGINE=InnoDB AUTO_INCREMENT=1836 DEFAULT CHARSET=utf8;
/*!40101 SET character_set_client = @saved_cs_client */;

--
-- Dumping data for table `distritos`
--

LOCK TABLES `distritos` WRITE;
/*!40000 ALTER TABLE `distritos` DISABLE KEYS */;
INSERT INTO `distritos` VALUES (1,'CORONEL GREGORIO ALBARRACIN LANCHIPA',174),(2,'POCOLLAY',174),(3,'CALANA',174),(4,'TACNA',174),(5,'SAMA',174),(6,'CIUDAD NUEVA',174),(7,'ITE',101),(8,'ILO',97),(9,'ALTO DE LA ALIANZA',174),(10,'PACHIA',174),(11,'ESTIQUE-PAMPA',178),(12,'ESTIQUE',178),(13,'TARUCACHI',178),(14,'INCLAN',174),(15,'LOCUMBA',101),(16,'EL ALGARROBAL',97),(17,'PALCA',174),(18,'HEROES ALBARRACIN',178),(19,'CURIBAYA',33),(20,'SITAJARA',178),(21,'QUILAHUANI',33),(22,'PACOCHA',97),(23,'TARATA',178),(24,'HUANUARA',33),(25,'TICACO',178),(26,'ILABAYA',101),(27,'SAMEGUA',120),(28,'PUNTA DE BOMBON',98),(29,'CAIRANI',33),(30,'SUSAPAYA',178),(31,'DEAN VALDIVIA',98),(32,'CAMILACA',33),(33,'MEJIA',98),(34,'CAPAZO',69),(35,'CANDARAVE',33),(36,'ISLAY',98),(37,'TORATA',120),(38,'MOQUEGUA',120),(39,'CUCHUMBAYA',120),(40,'PISACOMA',53),(41,'COCACHACRA',98),(42,'MOLLENDO',98),(43,'LA CAPILLA',73),(44,'CAMANA',30),(45,'QUINISTAQUILLAS',73),(46,'JOSE MARIA QUIMPER',30),(47,'KELLUYO',53),(48,'SAN CRISTOBAL',120),(49,'DESAGUADERO',53),(50,'SAMUEL PASTOR',30),(51,'QUEQUEÑA',12),(52,'OMATE',73),(53,'SANTA ROSA',69),(54,'YARABAMBA',12),(55,'POLOBAYA',12),(56,'MOLLEBAYA',12),(57,'CARUMAS',120),(58,'PUQUINA',73),(59,'QUILCA',30),(60,'COALAQUE',73),(61,'HUACULLANI',53),(62,'SOCABAYA',12),(63,'POCSI',12),(64,'JACOBO HUNTER',12),(65,'SABANDIA',12),(66,'CONDURIRI',69),(67,'JOSE LUIS BUSTAMANTE Y RIVERO',12),(68,'TIABAYA',12),(69,'SACHACA',12),(70,'CHARACATO',12),(71,'LA JOYA',12),(72,'PAUCARPATA',12),(73,'SANTA RITA DE SIGUAS',12),(74,'AREQUIPA',12),(75,'MATALAQUE',73),(76,'YANAHUARA',12),(77,'UCHUMAYO',12),(78,'NICOLAS DE PIEROLA',30),(79,'ZEPITA',53),(80,'SAN JUAN DE SIGUAS',12),(81,'COPANI',195),(82,'MARIANO MELGAR',12),(83,'CHOJATA',73),(84,'MARISCAL CACERES',30),(85,'MIRAFLORES',12),(86,'CHIGUATA',12),(87,'ALTO SELVA ALEGRE',12),(88,'CUTURAPI',195),(89,'POMATA',53),(90,'ANAPIA',195),(91,'LLOQUE',73),(92,'UNICACHI',195),(93,'YUNGUYO',195),(94,'OLLARAYA',195),(95,'CERRO COLORADO',12),(96,'TINICACHI',195),(97,'JULI',53),(98,'CAYMA',12),(99,'YUNGA',73),(100,'VITOR',12),(101,'SANTA ISABEL DE SIGUAS',12),(102,'URACA',42),(103,'MAJES',44),(104,'OCOÑA',30),(105,'PILCUYO',69),(106,'ICHUÑA',73),(107,'SAN ANTONIO',150),(108,'UBINAS',73),(109,'PICHACANI',150),(110,'ILAVE',69),(111,'YURA',12),(112,'SAN JUAN DE TARUCANI',12),(113,'HUANCA',44),(114,'CHUCUITO',150),(115,'MARIANO NICOLAS VALCARCEL',30),(116,'PLATERIA',150),(117,'HUANCARQUI',42),(118,'IRAY',58),(119,'APLAO',42),(120,'PUNO',150),(121,'TIQUILLACA',150),(122,'ATICO',38),(123,'MAÑAZO',150),(124,'LLUTA',44),(125,'TIPAN',42),(126,'VILQUE',150),(127,'CARAVELI',38),(128,'RIO GRANDE',58),(129,'CHALA',38),(130,'ACHOMA',44),(131,'PAUCARCOLLA',150),(132,'UÑON',42),(133,'MACA',44),(134,'CABANILLAS',163),(135,'ATUNCOLLA',150),(136,'YANQUE',44),(137,'CHUQUIBAMBA',58),(138,'COATA',150),(139,'HUAMBO',44),(140,'CABANACONDE',44),(141,'SAN ANTONIO DE CHUCA',44),(142,'HUATA',150),(143,'CHAPARRA',38),(144,'CABANA',163),(145,'PAMPACOLCA',42),(146,'VIRACO',42),(147,'ANDARAY',58),(148,'AYO',42),(149,'CHIVAY',44),(150,'COPORAQUE',44),(151,'YANAQUIHUA',58),(152,'ICHUPAMPA',44),(153,'YAUCA',38),(154,'MACHAGUAY',42),(155,'ATIQUIPA',38),(156,'CAPACHICA',150),(157,'CABANILLA',109),(158,'MADRIGAL',44),(159,'TILALI',124),(160,'CARACOTO',163),(161,'CONIMA',124),(162,'CHICHAS',58),(163,'HUANUHUANU',38),(164,'TUTI',44),(165,'PUSI',83),(166,'ANDAGUA',42),(167,'CAHUACHO',38),(168,'LARI',44),(169,'QUICACHA',38),(170,'SANTA LUCIA',109),(171,'JULIACA',163),(172,'PARATIA',109),(173,'TAURIA',106),(174,'JAQUI',38),(175,'SAYLA',106),(176,'AMANTANI',150),(177,'CALAPUJA',109),(178,'CHILCAYMARCA',42),(179,'CALLALLI',44),(180,'TAPAY',44),(181,'TARACO',83),(182,'QUECHUALLA',106),(183,'TORO',106),(184,'CORCULLA',142),(185,'SARA SARA',142),(186,'PAUSA',142),(187,'MOHO',124),(188,'CAMINACA',18),(189,'SAN JOSE DE USHUA',142),(190,'SALAMANCA',58),(191,'PALCA',109),(192,'SAMAN',18),(193,'COTAHUASI',106),(194,'SIBAYO',44),(195,'LAMPA',109),(196,'PARARCA',142),(197,'NICASIO',109),(198,'HUAYRAPATA',124),(199,'ACARI',38),(200,'ACHAYA',18),(201,'LOMAS',38),(202,'TOMEPAMPA',106),(203,'CHOCO',42),(204,'CHARCANA',106),(205,'ROSASPATA',83),(206,'PULLO',138),(207,'CONDOROMA',71),(208,'PUYUSCA',138),(209,'VILAVILA',109),(210,'BELLA UNION',38),(211,'ALCA',106),(212,'HUANCANE',83),(213,'VILQUE CHICO',83),(214,'LAMPA',142),(215,'MARCABAMBA',142),(216,'CHUPA',18),(217,'COLTA',142),(218,'OCUVIRI',109),(219,'CHUMPI',138),(220,'MARCONA',127),(221,'SANTIAGO DE PUPUJA',18),(222,'TISCO',44),(223,'JOSE DOMINGO CHOQUEHUANCA',18),(224,'SAN JAVIER DE ALPABAMBA',142),(225,'HUATASANI',83),(226,'ARAPA',18),(227,'SAN JUAN DE SALINAS',18),(228,'PEDRO VILCA APAZA',157),(229,'SAN FRANCISCO DE RAVACAYCO',138),(230,'OCORURO',71),(231,'INCHUPALLA',83),(232,'PUCARA',109),(233,'LLALLI',123),(234,'PACAPAUSA',138),(235,'ORCOPAMPA',42),(236,'SUYCKUTAMBO',71),(237,'SANCOS',114),(238,'CHACHAS',42),(239,'VISTA ALEGRE',127),(240,'TIRAPATA',18),(241,'OYOLO',142),(242,'CUPI',123),(243,'CAYLLOMA',44),(244,'SAISA',114),(245,'CHAVIÑA',114),(246,'COJATA',83),(247,'PAMPAMARCA',106),(248,'SAN PEDRO',114),(249,'UPAHUACHO',138),(250,'UMACHIRI',123),(251,'PALLPATA',71),(252,'AZANGARO',18),(253,'ESPINAR',71),(254,'NAZCA',127),(255,'QUILCAPUNCU',157),(256,'SANTA LUCIA',114),(257,'AYAVIRI',123),(258,'PUYCA',106),(259,'SAN CRISTOBAL',114),(260,'HUAYNACOTAS',106),(261,'ALTO PICHIGUA',71),(262,'CAYARANI',58),(263,'CORONEL CASTAÑEDA',138),(264,'PICHIGUA',71),(265,'SAN JUAN',114),(266,'CHANGUILLO',127),(267,'ORURILLO',123),(268,'ACORA',150),(269,'MACARI',123),(270,'ASILLO',18),(271,'EL INGENIO',127),(272,'SAN JOSE',18),(273,'COPORAQUE',71),(274,'LLIPATA',137),(275,'PUQUIO',114),(276,'ANANEA',157),(277,'CORACORA',138),(278,'LEONCIO PRADO',114),(279,'MUÑANI',18),(280,'PUTINA',157),(281,'LAYO',31),(282,'PALPA',137),(283,'SANTA ROSA',123),(284,'CUYOCUYO',165),(285,'KUNTURKANKI',31),(286,'CHECCA',31),(287,'VELILLE',54),(288,'OTOCA',114),(289,'SAN ANTON',18),(290,'JUAN ESPINOZA MEDRANO',10),(291,'SANTO TOMAS',54),(292,'COTARUSE',17),(293,'ANTABAMBA',10),(294,'CARAYBAMBA',17),(295,'CARMEN SALCEDO',114),(296,'LANGUI',31),(297,'LLUSCO',54),(298,'SINA',157),(299,'QUEHUE',31),(300,'SANTA CRUZ',137),(301,'MARANGANI',32),(302,'CHIPAO',114),(303,'QUIACA',165),(304,'OCUCAJE',96),(305,'POTONI',18),(306,'LUCANAS',114),(307,'CABANA',114),(308,'HUAQUIRCA',10),(309,'QUIÑOTA',54),(310,'OCAÑA',114),(311,'SABAINO',10),(312,'VIRUNDO',75),(313,'YANAHUAYA',165),(314,'OROPESA',10),(315,'RIO GRANDE',137),(316,'CHALHUANCA',17),(317,'SANTA ANA DE HUAYCAHUACHO',114),(318,'CRUCERO',37),(319,'YANAOCA',31),(320,'MAMARA',75),(321,'ANTAUTA',123),(322,'SICUANI',32),(323,'TURPAY',75),(324,'CHAMACA',54),(325,'SAN ANTONIO',75),(326,'PATAMBUCO',165),(327,'PATAYPAMPA',75),(328,'SAN PEDRO DE PALCO',114),(329,'POCOHUANCA',17),(330,'SAN PEDRO DE LARCAY',172),(331,'SANDIA',165),(332,'YANACA',17),(333,'SAN JUAN DEL ORO',165),(334,'TATE',96),(335,'HUACAÑA',172),(336,'SANTIAGO',96),(337,'SAÑAYCA',17),(338,'PACHACONAS',10),(339,'SORAYA',17),(340,'PACHACUTEC',96),(341,'SAN PEDRO',32),(342,'LIVITACA',54),(343,'HAQUIRA',63),(344,'PAMPACHIRI',7),(345,'EL ORO',10),(346,'TINTA',32),(347,'PUEBLO NUEVO',96),(348,'PAMPAMARCA',31),(349,'COLQUEMARCA',54),(350,'SANTA ROSA',75),(351,'TUPAC AMARU',31),(352,'SORAS',172),(353,'NUÑOA',123),(354,'HUAC-HUAS',114),(355,'LARAMATE',114),(356,'CAPAYA',17),(357,'LLAUTA',114),(358,'VILCABAMBA',75),(359,'MICAELA BASTIDAS',75),(360,'AJOYANI',37),(361,'SAN PABLO',32),(362,'CCOCHACCASA',8),(363,'MADEAN',193),(364,'MARANURA',104),(365,'AURAHUA',43),(366,'CALLANMARCA',8),(367,'VIÑAC',193),(368,'CHOCOS',193),(369,'TAMBO',105),(370,'ANCO',105),(371,'ANCHONGA',8),(372,'HUEPETUHE',116),(373,'MARCAS',2),(374,'POMACOCHA',2),(375,'NUEVO IMPERIAL',36),(376,'PACARAN',36),(377,'CAJA',2),(378,'CHUPAMARCA',43),(379,'SAN FERNANDO',155),(380,'CUMBA',186),(381,'FLORIDA',24),(382,'TENIENTE CESAR LOPEZ ROJAS',5),(383,'POMAHUACA',99),(384,'COLASAY',99),(385,'SAN FELIPE',99),(386,'AWAJUN',155),(387,'BAGUA GRANDE',186),(388,'JAEN',99),(389,'YURIMAGUAS',5),(390,'EL PARCO',19),(391,'LAS PIRIAS',99),(392,'TAPICHE',154),(393,'SOPLIN',154),(394,'COPALLIN',19),(395,'HUABAL',99),(396,'EL TALLAN',146),(397,'BELLAVISTA',99),(398,'SAN JOSE DEL ALTO',99),(399,'SAN MIGUEL DE EL FAIQUE',82),(400,'CAJARURO',186),(401,'SANTA ROSA',99),(402,'VICE',170),(403,'CURA MORI',146),(404,'SONDORILLO',82),(405,'SALITRAL',125),(406,'LA COIPA',158),(407,'SONDOR',82),(408,'LA UNION',149),(409,'LA ARENA',146),(410,'SAN JUAN DE BIGOTE',125),(411,'CHIRINOS',158),(412,'BUENOS AIRES',125),(413,'CHALLHUAHUACHO',63),(414,'MOSOC LLACTA',3),(415,'POMACOCHA',7),(416,'PARCONA',96),(417,'ICA',96),(418,'LOS AQUIJES',96),(419,'TIBILLO',137),(420,'SANTIAGO DE PAUCARAY',172),(421,'ASQUIPATA',188),(422,'COMBAPATA',32),(423,'OMACHA',139),(424,'AUCARA',114),(425,'HUAYLLO',17),(426,'JUSTO APU SAHUARAURA',17),(427,'TAPAIRIHUA',17),(428,'MORCOLLA',172),(429,'SANTIAGO DE QUIRAHUARA',95),(430,'CURASCO',75),(431,'USICAYOS',37),(432,'SUBTANJALLA',96),(433,'PROGRESO',75),(434,'ACOPIA',3),(435,'APONGO',188),(436,'LA TINGUIÑA',96),(437,'CHUQUIBAMBILLA',75),(438,'OCOYO',95),(439,'PAICO',172),(440,'POMACANCHI',3),(441,'CORDOVA',95),(442,'CAPACMARCA',54),(443,'TORAYA',17),(444,'SAN JUAN BAUTISTA',96),(445,'PHARA',165),(446,'HUAYANA',7),(447,'SAN ISIDRO',95),(448,'SAN MIGUEL DE CHACCRAMPA',7),(449,'CHAPIMARCA',17),(450,'YAUCA DEL ROSARIO',96),(451,'SANGARARA',3),(452,'COLCABAMBA',17),(453,'PILLPINTO',139),(454,'MACUSANI',37),(455,'ACCHA',139),(456,'CANARIA',187),(457,'SAN SALVADOR DE QUIJE',172),(458,'MARA',63),(459,'HUAYLLATI',75),(460,'CHACOCHE',1),(461,'QUEROBAMBA',172),(462,'CURPAHUASI',75),(463,'CHILCAYOC',172),(464,'ACOS',3),(465,'CHECACUPE',32),(466,'INDEPENDENCIA',189),(467,'TUMAY HUARACA',7),(468,'ALTO INAMBARI',165),(469,'CHIARA',7),(470,'ACOMAYO',3),(471,'CHALCOS',172),(472,'SAN JUAN DE CHACÑA',17),(473,'LUCRE',17),(474,'LARAMARCA',95),(475,'SALAS',96),(476,'COLCHA',139),(477,'CUSIPATA',152),(478,'SACSAMARCA',81),(479,'HUAYA',188),(480,'TINTAY',17),(481,'SANCOS',81),(482,'CIRCA',1),(483,'COYLLURQUI',63),(484,'ACCOMARCA',189),(485,'BELEN',172),(486,'CCAPI',139),(487,'PARACAS',145),(488,'SAN FRANCISCO DE SANGAYAICO',95),(489,'CAYARA',188),(490,'SAN JOSE DE LOS MOLINOS',96),(491,'QUERCO',95),(492,'CARAPO',81),(493,'GAMARRA',75),(494,'SAN ANTONIO DE CACHI',7),(495,'CORANI',37),(496,'PITUMARCA',32),(497,'TURPO',7),(498,'SAN ANDRES',145),(499,'TAMBOBAMBA',63),(500,'CARHUANCA',189),(501,'QUIQUIJANA',152),(502,'RONDOCAN',3),(503,'SANTIAGO DE LUCANAMARCA',81),(504,'HUANCARAY',7),(505,'PACCARITAMBO',139),(506,'TUPAC AMARU INCA',145),(507,'LAMBRAMA',1),(508,'PISCO',145),(509,'HUAMBALPA',189),(510,'HUANCARAYLLA',188),(511,'HUARO',152),(512,'COLCA',188),(513,'PICHIRHUA',1),(514,'SAURAMA',189),(515,'HUANCAPI',188),(516,'COTABAMBAS',63),(517,'PARURO',139),(518,'AYAVI',95),(519,'HUAMANQUIQUIA',188),(520,'ALCAMENCA',188),(521,'ITUATA',37),(522,'HUMAY',145),(523,'HUANOQUITE',139),(524,'ANDAHUAYLAS',7),(525,'SAN JERONIMO',7),(526,'URCOS',152),(527,'SANTA MARIA DE CHICMO',7),(528,'YAURISQUE',139),(529,'URANMARCA',51),(530,'SANTIAGO DE CHOCORVOS',95),(531,'SARHUA',188),(532,'OLLACHEA',37),(533,'ANDAHUAYLILLAS',152),(534,'VILCAS HUAMAN',189),(535,'SAN CLEMENTE',145),(536,'HUANCARAMA',7),(537,'INDEPENDENCIA',145),(538,'VILCANCHOS',188),(539,'LUCRE',152),(540,'COCHARCAS',51),(541,'ABANCAY',1),(542,'TAMBURCO',1),(543,'PACUCHA',7),(544,'CCORCA',64),(545,'HUAYACUNDO ARMA',95),(546,'KISHUARA',7),(547,'SANTIAGO',64),(548,'SANTO DOMINGO DE CAPILLAS',95),(549,'WANCHAQ',64),(550,'HUAYTARA',95),(551,'OCONGATE',152),(552,'CHINCHAYPUJIO',9),(553,'CANGALLO',34),(554,'OROPESA',152),(555,'SAYLLA',64),(556,'TOTOS',34),(557,'RANRACANCHA',51),(558,'TALAVERA',7),(559,'SAN JERONIMO',64),(560,'MARIA PARADO DE BELLIDO',34),(561,'CURAHUASI',1),(562,'POROY',64),(563,'ANCO_HUALLO',51),(564,'SAN SEBASTIAN',64),(565,'TAMBO',95),(566,'CAICAY',143),(567,'HUANCARANI',143),(568,'CCATCA',152),(569,'CONCEPCION',189),(570,'QUITO-ARMA',95),(571,'CHINCHEROS',51),(572,'KAQUIABAMBA',7),(573,'CCARHUAYO',152),(574,'CHINCHA BAJA',50),(575,'PUCYURA',9),(576,'ANDARAPA',7),(577,'CUSCO',64),(578,'CACHIMAYO',9),(579,'SAN SALVADOR',28),(580,'MARCAPATA',152),(581,'SAN PEDRO DE CACHORA',1),(582,'TARAY',28),(583,'ZURITE',9),(584,'TAMBO DE MORA',50),(585,'VISCHONGO',189),(586,'PACOBAMBA',7),(587,'SUNAMPE',50),(588,'EL CARMEN',50),(589,'LOS MOROCHUCOS',34),(590,'ANTA',9),(591,'ANCAHUASI',9),(592,'HUANIPACA',1),(593,'OCOBAMBA',51),(594,'SAN ANTONIO DE CUSICANCHA',95),(595,'CHINCHERO',185),(596,'SAN GABAN',37),(597,'COYA',28),(598,'HUANCANO',145),(599,'CHUSCHI',34),(600,'LIMBANI',165),(601,'ONGOY',51),(602,'MOLLEPATA',9),(603,'LIMATAMBO',9),(604,'PARAS',34),(605,'OCROS',80),(606,'PISAC',28),(607,'TICRAPO',43),(608,'HUAROCONDO',9),(609,'MARAS',185),(610,'LAMAY',28),(611,'HUAYLLABAMBA',185),(612,'ALTO LARAN',50),(613,'COLQUEPATA',143),(614,'YUCAY',185),(615,'CAPILLAS',43),(616,'CHINCHA ALTA',50),(617,'COASA',37),(618,'CHIARA',80),(619,'COCAS',43),(620,'URUBAMBA',185),(621,'LUIS CARRANZA',105),(622,'HUACCANA',51),(623,'CALCA',28),(624,'CARMEN ALTO',80),(625,'GROCIO PRADO',50),(626,'ACOCRO',80),(627,'VINCHOS',80),(628,'SAN JUAN',43),(629,'SAN JUAN BAUTISTA',80),(630,'SOCOS',80),(631,'MOLLEPAMPA',43),(632,'PILPICHACA',95),(633,'PUEBLO NUEVO',50),(634,'HUACHOS',43),(635,'CHILCAS',105),(636,'AYAPATA',37),(637,'TAMBILLO',80),(638,'CHUNGUI',105),(639,'PAUCARTAMBO',143),(640,'OLLANTAYTAMBO',185),(641,'JESUS NAZARENO',80),(642,'MACHUPICCHU',185),(643,'SAN JUAN DE YANAC',50),(644,'SANTO TOMAS DE PATA',8),(645,'AYACUCHO',80),(646,'CAMANTI',152),(647,'SAN JOSE DE TICLLAS',80),(648,'SAN VICENTE DE CAÑETE',36),(649,'TANTARA',43),(650,'HUAMATAMBO',43),(651,'SAN ANTONIO DE ANTAPARCO',8),(652,'ACOS VINCHOS',80),(653,'SANTIAGO DE PISCHA',80),(654,'SECCLLA',8),(655,'SAN LUIS',36),(656,'ARMA',43),(657,'SANTA TERESA',104),(658,'SAN PEDRO DE PUTINA PUNCO',165),(659,'PACAYCASA',80),(660,'CHAVIN',50),(661,'IMPERIAL',36),(662,'QUINUA',80),(663,'SAN PEDRO DE HUACARPANA',50),(664,'AZANGARO',193),(665,'JULCAMARCA',8),(666,'LIRCAY',8),(667,'HUAYOPATA',104),(668,'CHALLABAMBA',143),(669,'IGUAIN',86),(670,'HUACHOCOLPA',84),(671,'LARES',28),(672,'HUAMANGUILLA',86),(673,'SANTA ANA',43),(674,'CONGALLA',8),(675,'HUANCA-HUANCA',8),(676,'CHINCHO',8),(677,'LUNAHUANA',36),(678,'HUAYLLAY GRANDE',8),(679,'HUANGASCAR',193),(680,'CASTROVIRREYNA',43),(681,'CERRO AZUL',36),(682,'LURICOCHA',86),(683,'ZUÑIGA',36),(684,'SAN MIGUEL DE MAYOCC',56),(685,'ANTA',2),(686,'ACOBAMBA',2),(687,'SAN MIGUEL',105),(688,'LA MERCED',56),(689,'SANTA ANA',104),(690,'QUILMANA',36),(691,'LINCHA',193),(692,'ASCENSION',84),(693,'HUANCAVELICA',84),(694,'KOSÑIPATA',143),(695,'YAULI',84),(696,'ROSARIO',2),(697,'HONGOS',193),(698,'ASIA',36),(699,'CATAHUASI',193),(700,'CACRA',193),(701,'VILCABAMBA',104),(702,'LOCROJA',56),(703,'HUANTA',86),(704,'OCOBAMBA',104),(705,'SANTA ROSA',105),(706,'EL CARMEN',56),(707,'PUTINZA',193),(708,'CHURCAMPA',56),(709,'PAUCARA',2),(710,'PALCA',84),(711,'INAMBARI',177),(712,'ANDABAMBA',2),(713,'ACOBAMBILLA',84),(714,'MALA',36),(715,'TUPE',193),(716,'SAN ANTONIO',36),(717,'NUEVO OCCORO',84),(718,'SANTILLANA',86),(719,'MARISCAL CACERES',84),(720,'AYNA',105),(721,'COAYLLO',36),(722,'SAN PEDRO DE CORIS',56),(723,'TAURIPAMPA',193),(724,'MANTA',84),(725,'LARIA',84),(726,'PAUCARBAMBA',56),(727,'YANATILE',28),(728,'HUANDO',84),(729,'ANCO',56),(730,'CONAYCA',84),(731,'SANTA CRUZ DE FLORES',36),(732,'IZCUCHACA',84),(733,'COLONIA',193),(734,'ACORIA',84),(735,'PACHAMARCA',56),(736,'SAN PEDRO DE PILAS',193),(737,'SIVIA',86),(738,'AYAUCA',193),(739,'PUCUSANA',112),(740,'SANTA MARIA DEL MAR',112),(741,'VILCA',84),(742,'CUENCA',84),(743,'MOYA',84),(744,'PILCHACA',84),(745,'OMAS',193),(746,'HUANTAN',193),(747,'KIMBIRI',104),(748,'HUAYLLAHUARA',84),(749,'CHINCHIHUASI',56),(750,'SAN BARTOLO',112),(751,'YAUYOS',193),(752,'ACOSTAMBO',180),(753,'ACRAQUIA',180),(754,'CARHUACALLANGA',85),(755,'QUELLOUNO',104),(756,'CALANGO',36),(757,'HUASICANCHA',85),(758,'CHACAPAMPA',85),(759,'HUAMPARA',193),(760,'CHONGOS ALTO',85),(761,'AHUAYCHA',180),(762,'LARAOS',193),(763,'CARANIA',193),(764,'DANIEL HERNANDEZ',180),(765,'ÑAHUIMPUQUIO',180),(766,'CHILCA',36),(767,'PAMPAS',180),(768,'COCHAS',193),(769,'CHICCHE',85),(770,'AYAVIRI',193),(771,'QUINOCAY',193),(772,'QUINCHES',193),(773,'LLOCHEGUA',86),(774,'COLCA',85),(775,'COLCABAMBA',180),(776,'ALIS',193),(777,'HUAÑEC',193),(778,'PICHARI',104),(779,'PUNTA NEGRA',112),(780,'QUISHUAR',180),(781,'MARIATANA',92),(782,'SAN JOAQUIN',193),(783,'CULLHUAS',85),(784,'VILLA EL SALVADOR',112),(785,'PUNTA HERMOSA',112),(786,'AYAHUANCO',86),(787,'LURIN',112),(788,'PAZOS',180),(789,'HUACRAPUQUIO',85),(790,'CHUPURO',85),(791,'CHORRILLOS',112),(792,'VIQUES',85),(793,'SANGALLAYA',92),(794,'BARRANCO',112),(795,'SANTO DOMINGO DE LOS OLLEROS',92),(796,'VILLA MARIA DEL TRIUNFO',112),(797,'SAN JUAN DE MIRAFLORES',112),(798,'HUAYUCACHI',85),(799,'CHONGOS BAJO',55),(800,'LANGA',92),(801,'MIRAFLORES',193),(802,'MIRAFLORES',112),(803,'CUENCA',92),(804,'HUARIBAMBA',180),(805,'SURQUILLO',112),(806,'TINTAY PUNCU',180),(807,'PUCARA',85),(808,'YANACANCHA',55),(809,'TRES DE DICIEMBRE',55),(810,'HUANCAN',85),(811,'SAN ISIDRO',112),(812,'MAGDALENA DEL MAR',112),(813,'SAN JUAN DE YSCOS',55),(814,'SAN BORJA',112),(815,'LINCE',112),(816,'SANTIAGO DE SURCO',112),(817,'SALCABAMBA',180),(818,'VITIS',193),(819,'PUEBLO LIBRE',112),(820,'LA PUNTA',29),(821,'JESUS MARIA',112),(822,'MADRE DE DIOS',116),(823,'LA PERLA',29),(824,'SAN LUIS',112),(825,'SAN MIGUEL',112),(826,'LAHUAYTAMBO',92),(827,'PACHACAMAC',112),(828,'HUAMANCACA CHICO',55),(829,'LA VICTORIA',112),(830,'LA MOLINA',112),(831,'BELLAVISTA',29),(832,'BREÑA',112),(833,'CHILCA',85),(834,'SAPALLANGA',85),(835,'CHUPACA',55),(836,'SAN PEDRO DE HUANCAYRE',92),(837,'SALCAHUASI',180),(838,'SAN JUAN DE JARPA',55),(839,'AHUAC',55),(840,'TOMAS',193),(841,'CARMEN DE LA LEGUA REYNOSO',29),(842,'LIMA',112),(843,'SURCUBAMBA',180),(844,'SANTA ANITA',112),(845,'PILCOMAYO',85),(846,'EL AGUSTINO',112),(847,'HUACHAC',55),(848,'CIENEGUILLA',112),(849,'SAN MARCOS DE ROCCHAC',180),(850,'RIMAC',112),(851,'SAN JOSE DE QUERO',57),(852,'ATE',112),(853,'HUACHOCOLPA',180),(854,'HUANCAYA',193),(855,'TANTA',193),(856,'SICAYA',85),(857,'SANTIAGO DE ANCHUCAYA',92),(858,'MANZANARES',57),(859,'CHACLACAYO',112),(860,'INDEPENDENCIA',112),(861,'ANTIOQUIA',92),(862,'SAN AGUSTIN',85),(863,'HUALHUAS',85),(864,'ORCOTUNA',57),(865,'CALLAO',29),(866,'CHAMBARA',57),(867,'SAN MARTIN DE PORRES',112),(868,'SAÑO',85),(869,'SANTIAGO DE TUNA',92),(870,'SAN ANDRES DE TUPICOCHA',92),(871,'ACO',57),(872,'LOS OLIVOS',112),(873,'SAN LORENZO DE QUINTI',92),(874,'RICARDO PALMA',92),(875,'HUANCAYO',85),(876,'MITO',57),(877,'LABERINTO',177),(878,'SANTA CRUZ DE COCACHACRA',92),(879,'SAN JERONIMO DE TUNAN',85),(880,'COMAS',112),(881,'SAN JUAN DE TANTARANCHE',92),(882,'CONCEPCION',57),(883,'HUAROCHIRI',92),(884,'NUEVE DE JULIO',57),(885,'LURIGANCHO',112),(886,'SINCOS',100),(887,'EL TAMBO',85),(888,'SAN BARTOLOME',92),(889,'SAN JUAN DE LURIGANCHO',112),(890,'MATAHUASI',57),(891,'SANTA ROSA DE OCOPA',57),(892,'SAN DAMIAN',92),(893,'LEONOR ORDOÑEZ',100),(894,'PACCHA',100),(895,'QUILCAS',85),(896,'VENTANILLA',29),(897,'PARIAHUANCA',85),(898,'MUQUI',100),(899,'MANU',116),(900,'HEROINAS TOLEDO',57),(901,'QUICHUAY',85),(902,'PUENTE PIEDRA',112),(903,'MUQUIYAUYO',100),(904,'HUARIPAMPA',100),(905,'INGENIO',85),(906,'SAN LORENZO',100),(907,'EL MANTARO',100),(908,'SURCO',92),(909,'SAUSA',100),(910,'PARCO',100),(911,'SANTA ROSA',112),(912,'ATAURA',100),(913,'CALLAHUANCA',92),(914,'YAUYOS',100),(915,'LLOCLLAPAMPA',100),(916,'SAN MATEO DE OTAO',92),(917,'SANTA EULALIA',92),(918,'JAUJA',100),(919,'SUITUCANCHA',192),(920,'MASMA',100),(921,'HUAMALI',100),(922,'CANCHAYLLO',100),(923,'HUERTAS',100),(924,'JANJAILLO',100),(925,'MASMA CHICCHE',100),(926,'JULCAN',100),(927,'SAN PEDRO DE CASTA',92),(928,'MARCO',100),(929,'PANCAN',100),(930,'CURICACA',100),(931,'MATUCANA',92),(932,'SAN PEDRO DE CHUNAN',100),(933,'CARABAYLLO',112),(934,'SAN MATEO',92),(935,'SAN JUAN DE IRIS',92),(936,'SANTO DOMINGO DE ACOBAMBA',85),(937,'SAN ANTONIO',92),(938,'TUNAN MARCA',100),(939,'CHACAPALPA',192),(940,'HUAY-HUAY',192),(941,'PACA',100),(942,'HUACHUPAMPA',92),(943,'YAULI',100),(944,'ARAHUAY',35),(945,'YAULI',192),(946,'ACOLLA',100),(947,'ANCON',112),(948,'CHICLA',92),(949,'CARAMPOMA',92),(950,'SANTA ROSA DE QUIVES',35),(951,'COCHAS',57),(952,'ANDAMARCA',57),(953,'MARISCAL CASTILLA',57),(954,'POMACANCHA',100),(955,'LACHAQUI',35),(956,'SANTA ROSA DE SACCO',192),(957,'HUANZA',92),(958,'OXAPAMPA',130),(959,'YANACANCHA',140),(960,'HUACHON',140),(961,'VILLA RICA',130),(962,'VILCABAMBA',66),(963,'HUANCAPON',27),(964,'GOYLLARISQUIZGA',66),(965,'TICLACAYAN',140),(966,'SAN FRANCISCO DE ASIS DE YARUSYACAN',140),(967,'CARHUAPAMPA',128),(968,'OYON',131),(969,'YANAHUANCA',66),(970,'ACAS',128),(971,'HUARIACA',140),(972,'SANTIAGO DE CHILCAS',128),(973,'SAN PEDRO DE PILLAO',66),(974,'PALLANCHACRA',140),(975,'TAPUC',66),(976,'SAN CRISTOBAL DE RAJAN',128),(977,'SAN PEDRO',128),(978,'LLIPA',128),(979,'PARAMONGA',20),(980,'SANTA ANA DE TUSI',66),(981,'CHACAYAN',66),(982,'CANIS',23),(983,'CAJATAMBO',27),(984,'ABELARDO PARDO LEZAMETA',23),(985,'PAUCAR',66),(986,'COPA',27),(987,'CONGAS',128),(988,'MANGAS',23),(989,'OCROS',128),(990,'LA PRIMAVERA',23),(991,'CAJAMARQUILLA',128),(992,'SAN MIGUEL DE CORPANQUI',23),(993,'SAN FRANCISCO',6),(994,'SAN RAFAEL',6),(995,'COLQUIOC',23),(996,'HUAYLLACAYAN',23),(997,'PACLLON',23),(998,'TICLLOS',23),(999,'HUANCABAMBA',130),(1000,'ANTONIO RAYMONDI',23),(1001,'COLPAS',6),(1002,'CAJACAY',23),(1003,'RAYMONDI',15),(1004,'CAYNA',6),(1005,'QUEROPALCA',110),(1006,'HUACAR',6),(1007,'SAN MIGUEL DE CAURI',110),(1008,'CHIQUIAN',23),(1009,'AMBO',6),(1010,'LLACLLIN',153),(1011,'JESUS',110),(1012,'TOMAY KICHWA',6),(1013,'BAÑOS',110),(1014,'PAMPAS CHICO',153),(1015,'PARARIN',153),(1016,'JIVIA',110),(1017,'CONCHAMARCA',6),(1018,'HUASTA',23),(1019,'MARCA',153),(1020,'HUAYLLAPAMPA',153),(1021,'SAN FRANCISCO DE CAYRAN',87),(1022,'POZUZO',130),(1023,'SAN PEDRO DE CHAULAN',87),(1024,'PILLCO MARCA',87),(1025,'TAPACOCHA',153),(1026,'COCHAPETI',91),(1027,'SAN FRANCISCO DE ASIS',110),(1028,'YARUMAYO',87),(1029,'IÑAPARI',175),(1030,'MARGOS',87),(1031,'MOLINO',133),(1032,'AMARILIS',87),(1033,'CHACABAMBA',191),(1034,'PALCAZU',130),(1035,'RONDOS',110),(1036,'CHORAS',191),(1037,'COTAPARACO',153),(1038,'MALVAS',91),(1039,'HUANUCO',87),(1040,'HUAYAN',91),(1041,'PANAO',133),(1042,'CAHUAC',191),(1043,'AQUIA',23),(1044,'QUISQUI',87),(1045,'HUARMEY',91),(1046,'JACAS CHICO',191),(1047,'UMARI',133),(1048,'LA UNION',68),(1049,'SUCCHA',4),(1050,'OBAS',191),(1051,'HUACLLAN',4),(1052,'LA OROYA',192),(1053,'LARAOS',92),(1054,'RICRAN',100),(1055,'HUARICOLCA',179),(1056,'MOLINOS',100),(1057,'APATA',100),(1058,'COMAS',57),(1059,'HUAMANTANGA',35),(1060,'CANTA',35),(1061,'MOROCOCHA',192),(1062,'CHANCAY',88),(1063,'LAS PIEDRAS',177),(1064,'TARMA',179),(1065,'AUCALLAMA',88),(1066,'TAPO',179),(1067,'LLAYLLA',169),(1068,'SAN BUENAVENTURA',35),(1069,'PACCHA',192),(1070,'TAHUAMANU',175),(1071,'LA UNION',179),(1072,'SUMBILCA',88),(1073,'PANGOA',169),(1074,'FITZCARRALD',116),(1075,'HUAROS',35),(1076,'ACOBAMBA',179),(1077,'ATAVILLOS BAJO',88),(1078,'PAMPA HERMOSA',169),(1079,'COVIRIALI',169),(1080,'MONOBAMBA',100),(1081,'SAN MIGUEL DE ACOS',88),(1082,'HUARAL',88),(1083,'MARCAPOMACOCHA',192),(1084,'PALCA',179),(1085,'ATAVILLOS ALTO',88),(1086,'IBERIA',175),(1087,'ECHARATE',104),(1088,'PALCAMAYO',179),(1089,'VITOC',47),(1090,'MAZAMARI',169),(1091,'LAMPIAN',88),(1092,'HUACHO',93),(1093,'IHUARI',88),(1094,'CALETA DE CARQUIN',93),(1095,'HUALMAY',93),(1096,'SANTA BARBARA DE CARHUACAYAN',192),(1097,'SANTA MARIA',93),(1098,'SANTA CRUZ DE ANDAMARCA',88),(1099,'SAN RAMON',47),(1100,'VEINTISIETE DE NOVIEMBRE',88),(1101,'TAMBOPATA',177),(1102,'PACARAOS',88),(1103,'SATIPO',169),(1104,'LEONCIO PRADO',93),(1105,'RIO NEGRO',169),(1106,'SAN PEDRO DE CAJAS',179),(1107,'JUNIN',103),(1108,'ONDORES',103),(1109,'HUASAHUASI',179),(1110,'SAYAN',93),(1111,'HUAURA',93),(1112,'PACCHO',93),(1113,'VEGUETA',93),(1114,'CHANCHAMAYO',47),(1115,'SANTA LEONOR',93),(1116,'CHECRAS',93),(1117,'CARHUAMAYO',103),(1118,'VICCO',140),(1119,'SAN LUIS DE SHUARO',47),(1120,'SUPE PUERTO',20),(1121,'COCHAMARCA',131),(1122,'PACHANGARA',131),(1123,'RIO TAMBO',169),(1124,'NAVAN',131),(1125,'HUAYLLAY',140),(1126,'ULCUMAYO',103),(1127,'TINYAHUARCO',140),(1128,'SEPAHUA',15),(1129,'SUPE',20),(1130,'PICHANAQUI',47),(1131,'CAUJUL',131),(1132,'CHAUPIMARCA',140),(1133,'ANDAJES',131),(1134,'BARRANCA',20),(1135,'PERENE',47),(1136,'PAUCARTAMBO',140),(1137,'NINACACA',140),(1138,'AMBAR',93),(1139,'SIMON BOLIVAR',140),(1140,'GORGOR',27),(1141,'MANAS',27),(1142,'CHONTABAMBA',130),(1143,'COCHAS',128),(1144,'PATIVILCA',20),(1145,'RIPAN',68),(1146,'SILLAPATA',68),(1147,'CHAVINILLO',191),(1148,'AIJA',4),(1149,'SHUNQUI',68),(1150,'HUALLANCA',23),(1151,'CORIS',4),(1152,'PAMPAMARCA',191),(1153,'CULEBRAS',91),(1154,'CATAC',153),(1155,'APARICIO POMARES',191),(1156,'HUANCHAY',89),(1157,'RECUAY',153),(1158,'YANAS',68),(1159,'SANTA MARIA DEL VALLE',87),(1160,'TICAPAMPA',153),(1161,'LA MERCED',4),(1162,'CHAGLLA',133),(1163,'CHUQUIS',68),(1164,'PACHAS',68),(1165,'LA LIBERTAD',89),(1166,'QUIVILLA',68),(1167,'COLCABAMBA',89),(1168,'OLLEROS',89),(1169,'PAMPAS',89),(1170,'TAHUANIA',15),(1171,'LLATA',79),(1172,'CHURUBAMBA',87),(1173,'CHAVIN DE HUANTAR',90),(1174,'JACAS GRANDE',79),(1175,'SAN MARCOS',90),(1176,'PUERTO BERMUDEZ',130),(1177,'HUARAZ',89),(1178,'PUÑOS',79),(1179,'PURUS',151),(1180,'HUANTAR',90),(1181,'YURUA',15),(1182,'COCHABAMBA',89),(1183,'YAUTAN',41),(1184,'JANGAS',89),(1185,'CHINCHAO',87),(1186,'PIRA',89),(1187,'PUNCHAO',79),(1188,'MARIAS',68),(1189,'YUYAPICHIS',148),(1190,'SAN PEDRO DE CHANA',90),(1191,'PARIACOTO',89),(1192,'INDEPENDENCIA',89),(1193,'MIRAFLORES',79),(1194,'YUNGAR',39),(1195,'TARICA',89),(1196,'CHAVIN DE PARIARCA',79),(1197,'COMANDANTE NOEL',41),(1198,'PARIAHUANCA',39),(1199,'HUACHIS',90),(1200,'RAHUAPAMPA',90),(1201,'ANTA',39),(1202,'SAN MIGUEL DE ACO',39),(1203,'CODO DEL POZUZO',148),(1204,'MASIN',90),(1205,'MARIANO DAMASO BERAUN',111),(1206,'PONTO',90),(1207,'TANTAMAYO',79),(1208,'ACOPAMPA',39),(1209,'SINGA',79),(1210,'BUENA VISTA ALTA',41),(1211,'HUACACHI',90),(1212,'TINCO',39),(1213,'MARCARA',39),(1214,'ATAQUERO',39),(1215,'QUILLO',194),(1216,'ANRA',90),(1217,'CASCAPARA',194),(1218,'CASMA',41),(1219,'CARHUAZ',39),(1220,'AMASHCA',39),(1221,'SHUPLUY',194),(1222,'SAMANCO',166),(1223,'RAPAYAN',90),(1224,'HUARI',90),(1225,'DANIEL ALOMIAS ROBLES',111),(1226,'SAN JUAN DE RONTOY',11),(1227,'CAJAY',90),(1228,'LUYANDO',111),(1229,'ACZO',11),(1230,'MONZON',79),(1231,'UCO',90),(1232,'JIRCAN',79),(1233,'MANCOS',194),(1234,'RANRAHIRCA',194),(1235,'HUACCHIS',90),(1236,'CHINGAS',11),(1237,'CHACAS',14),(1238,'MATACOTO',194),(1239,'SHILLA',39),(1240,'HERMILIO VALDIZAN',111),(1241,'PUEBLO LIBRE',94),(1242,'RUPA-RUPA',111),(1243,'PAUCAS',90),(1244,'ACOCHACA',14),(1245,'ARANCAY',79),(1246,'MORO',166),(1247,'PUERTO INCA',148),(1248,'MIRGAS',11),(1249,'COISHCO',166),(1250,'LLAMELLIN',11),(1251,'NUEVO CHIMBOTE',166),(1252,'YUNGAY',194),(1253,'COCHABAMBA',76),(1254,'HUATA',94),(1255,'NEPEÑA',166),(1256,'PAMPAROMAS',94),(1257,'SAN LUIS',40),(1258,'CHACCHO',11),(1259,'SANTA',166),(1260,'CARAZ',94),(1261,'YAUYA',40),(1262,'LLUMPA',119),(1263,'MATO',94),(1264,'LUCMA',119),(1265,'YANAMA',194),(1266,'SAN NICOLAS',40),(1267,'LLAMA',119),(1268,'HUAYLLAN',147),(1269,'ELEAZAR GUZMAN BARRON',119),(1270,'CACERES DEL PERU',166),(1271,'HUAYLAS',94),(1272,'MUSGA',119),(1273,'PINRA',76),(1274,'HUACAYBAMBA',76),(1275,'SANTA CRUZ',94),(1276,'PISCOBAMBA',119),(1277,'TOURNAVISTA',148),(1278,'SANTO TORIBIO',94),(1279,'CASCA',119),(1280,'IPARIA',61),(1281,'CANCHABAMBA',76),(1282,'SAN BUENAVENTURA',117),(1283,'FIDEL OLIVAS ESCUDERO',119),(1284,'HUALLANCA',94),(1285,'POMABAMBA',147),(1286,'GUADALUPITO',190),(1287,'YURACMARCA',94),(1288,'CHIMBOTE',166),(1289,'MACATE',166),(1290,'QUINUABAMBA',147),(1291,'LA PAMPA',62),(1292,'YANAC',62),(1293,'SAN JUAN',171),(1294,'YUPAN',62),(1295,'SICSIBAMBA',171),(1296,'HONORIA',148),(1297,'CASHAPAMPA',171),(1298,'BAMBAS',62),(1299,'PAROBAMBA',147),(1300,'SIHUAS',171),(1301,'LLAPO',136),(1302,'SANTA ROSA',136),(1303,'CORONGO',62),(1304,'IRAZOLA',134),(1305,'HUACRACHUCO',117),(1306,'ACO',62),(1307,'PADRE ABAD',134),(1308,'ALFONSO UGARTE',171),(1309,'CHOLON',117),(1310,'HUAYLLABAMBA',171),(1311,'MANANTAY',61),(1312,'CUSCA',62),(1313,'TAUCA',136),(1314,'SANTIAGO DE CHALLAS',141),(1315,'CABANA',136),(1316,'RAGASH',171),(1317,'HUANCASPATA',141),(1318,'MASISEA',61),(1319,'CHAO',190),(1320,'QUICHES',171),(1321,'JOSE CRESPO Y CASTILLO',111),(1322,'CHINGALPO',171),(1323,'NUEVO PROGRESO',181),(1324,'BOLOGNESI',136),(1325,'HUACASCHUQUE',136),(1326,'HUANDOVAL',136),(1327,'URPAY',141),(1328,'SHUNTE',181),(1329,'CAMPOVERDE',61),(1330,'ACOBAMBA',171),(1331,'CURIMANA',134),(1332,'PALLASCA',136),(1333,'LACABAMBA',136),(1334,'TAURIJA',141),(1335,'TAYABAMBA',141),(1336,'SALAVERRY',182),(1337,'HUASO',102),(1338,'UCHIZA',181),(1339,'VIRU',190),(1340,'MOCHE',182),(1341,'HUAYLILLAS',141),(1342,'VICTOR LARCO HERRERA',182),(1343,'CONCHUCOS',136),(1344,'SANTIAGO DE CHUCO',168),(1345,'TRUJILLO',182),(1346,'MOLLEPATA',168),(1347,'FLORENCIA DE MORA',182),(1348,'SANTA CRUZ DE CHUCA',168),(1349,'CARABAMBA',102),(1350,'BULDIBUYO',141),(1351,'ANGASMARCA',168),(1352,'YARINACOCHA',61),(1353,'CHILLIA',141),(1354,'PAMPAS',136),(1355,'MOLLEBAMBA',168),(1356,'LA ESPERANZA',182),(1357,'TOCACHE',181),(1358,'CALAMARCA',102),(1359,'EL PORVENIR',182),(1360,'ONGON',141),(1361,'MACHE',129),(1362,'JULCAN',102),(1363,'LAREDO',182),(1364,'SALPO',129),(1365,'SITABAMBA',168),(1366,'HUAYO',141),(1367,'NUEVA REQUENA',61),(1368,'POROTO',182),(1369,'CACHICADAN',168),(1370,'HUANCHACO',182),(1371,'QUIRUVILCA',168),(1372,'PARCOY',141),(1373,'SANTIAGO DE CAO',13),(1374,'PARANDAY',129),(1375,'AGALLPAMPA',129),(1376,'LA CUESTA',129),(1377,'SARIN',164),(1378,'SIMBAL',182),(1379,'MAGDALENA DE CAO',13),(1380,'CURGOS',164),(1381,'PIAS',141),(1382,'CHARAT',129),(1383,'CHOCOPE',13),(1384,'OTUZCO',129),(1385,'HUAMACHUCO',164),(1386,'COCHORCO',164),(1387,'POLVORA',181),(1388,'PAIJAN',13),(1389,'USQUIL',129),(1390,'SANAGORAN',164),(1391,'CHUGAY',164),(1392,'SINSICAP',129),(1393,'HUARANCHAL',129),(1394,'PATAZ',141),(1395,'MARCABAL',164),(1396,'CHICAMA',13),(1397,'CAJABAMBA',25),(1398,'PADRE MARQUEZ',184),(1399,'RAZURI',13),(1400,'COMPIN',74),(1401,'LUCMA',74),(1402,'ASCOPE',13),(1403,'SAYAPULLO',74),(1404,'SARTIMBAMBA',164),(1405,'CONDEBAMBA',25),(1406,'CONDORMARCA',22),(1407,'CAMPANILLA',118),(1408,'BAMBAMARCA',22),(1409,'CASCAS',74),(1410,'EDUARDO VILLANUEVA',159),(1411,'CASA GRANDE',13),(1412,'SAN BENITO',60),(1413,'CHANCAY',159),(1414,'CACHACHI',25),(1415,'SAN PEDRO DE LLOC',132),(1416,'PACASMAYO',132),(1417,'COSPAN',26),(1418,'ICHOCAN',159),(1419,'SITACOCHA',25),(1420,'JEQUETEPEQUE',132),(1421,'SAN JOSE',132),(1422,'GUZMANGO',60),(1423,'JOSE MANUEL QUIROZ',159),(1424,'SANTA CRUZ DE TOLED',60),(1425,'ASUNCION',26),(1426,'CUPISNIQUE',60),(1427,'CALLERIA',61),(1428,'PEDRO GALVEZ',159),(1429,'MATARA',26),(1430,'SAN JUAN',26),(1431,'GUADALUPE',132),(1432,'CONTUMAZA',60),(1433,'CHILETE',60),(1434,'ALTO BIAVO',21),(1435,'JESUS',26),(1436,'TANTARICA',60),(1437,'YONAN',60),(1438,'MAGDALENA',26),(1439,'LLACANORA',26),(1440,'GREGORIO PITA',159),(1441,'CONTAMANA',184),(1442,'CHEPEN',48),(1443,'PAJARILLO',118),(1444,'NAMORA',26),(1445,'SAN BERNARDINO',162),(1446,'UCUNCHA',22),(1447,'SAN LUIS',162),(1448,'HUALLAGA',21),(1449,'CHETILLA',26),(1450,'BOLIVAR',22),(1451,'PUEBLO NUEVO',48),(1452,'JUANJUI',118),(1453,'JOSE SABOGAL',159),(1454,'SACANCHE',78),(1455,'SAN PABLO',162),(1456,'TINGO DE SAPOSOA',78),(1457,'SAN GREGORIO',161),(1458,'BAJO BIAVO',21),(1459,'LOS BAÑOS DEL INCA',26),(1460,'UNION AGUA BLANCA',161),(1461,'EL PRADO',161),(1462,'LONGOTEA',22),(1463,'PACANGA',48),(1464,'SAN RAFAEL',21),(1465,'OXAMARCA',45),(1466,'UCHUMARCA',22),(1467,'PISCOYACU',78),(1468,'BOLIVAR',161),(1469,'INAHUAYA',184),(1470,'SAN CRISTOBAL',144),(1471,'SAN MIGUEL',161),(1472,'SUCRE',45),(1473,'ETEN PUERTO',49),(1474,'EL ESLABON',78),(1475,'JORGE CHAVEZ',45),(1476,'SHAMBOYACU',144),(1477,'LAGUNAS',49),(1478,'JOSE GALVEZ',45),(1479,'CAJAMARCA',26),(1480,'ETEN',49),(1481,'PICOTA',144),(1482,'NANCHOC',161),(1483,'BELLAVISTA',21),(1484,'SOROCHUCO',45),(1485,'CHUQUIBAMBA',46),(1486,'TINGO DE PONASA',144),(1487,'SAN SILVESTRE DE COCHAN',161),(1488,'CASPISAPA',144),(1489,'NUEVA ARICA',49),(1490,'SAN HILARION',144),(1491,'NIEPOS',161),(1492,'TUMBADEN',162),(1493,'SANTA ROSA',49),(1494,'CALQUIS',161),(1495,'CAYALTI',49),(1496,'UTCO',45),(1497,'LA FLORIDA',161),(1498,'MONSEFU',49),(1499,'REQUE',49),(1500,'LLAPA',161),(1501,'ENCAÑADA',26),(1502,'PAMPA HERMOSA',184),(1503,'LA VICTORIA',49),(1504,'SAÑA',49),(1505,'PUCACACA',144),(1506,'PUCALA',49),(1507,'CHICLAYO',49),(1508,'CATILLUC',161),(1509,'POMALCA',49),(1510,'SAN JOSE',108),(1511,'PIMENTEL',49),(1512,'SAN PABLO',21),(1513,'VARGAS GUERRA',184),(1514,'JOSE LEONARDO ORTIZ',49),(1515,'SAPOSOA',78),(1516,'TONGOD',161),(1517,'PILLUANA',144),(1518,'BALSAS',46),(1519,'TRES UNIDOS',144),(1520,'PICSI',49),(1521,'TUMAN',49),(1522,'BUENOS AIRES',144),(1523,'HUASMIN',45),(1524,'OYOTUN',49),(1525,'PULAN',167),(1526,'SAUCEPAMPA',167),(1527,'HUALGAYOC',77),(1528,'YAUYUCAN',167),(1529,'LEIMEBAMBA',46),(1530,'ANDABAMBA',167),(1531,'SAUCE',160),(1532,'NINABAMBA',167),(1533,'ALBERTO LEVEAU',160),(1534,'AGUA BLANCA',70),(1535,'PATAPO',49),(1536,'CHUGUR',77),(1537,'LA LIBERTAD DE PALLAN',45),(1538,'CATACHE',167),(1539,'CELENDIN',45),(1540,'PUEBLO NUEVO',72),(1541,'SANTA ROSA',70),(1542,'LAMBAYEQUE',108),(1543,'SANTA CRUZ',167),(1544,'MONTEVIDEO',46),(1545,'UTICYACU',167),(1546,'LA ESPERANZA',167),(1547,'FERREÑAFE',72),(1548,'MIGUEL IGLESIAS',45),(1549,'SAN FRANCISCO DEL YESO',115),(1550,'BAMBAMARCA',77),(1551,'MANUEL ANTONIO MESONES MURO',72),(1552,'JUAN GUERRA',160),(1553,'MARISCAL CASTILLA',46),(1554,'PACHIZA',118),(1555,'SAN JOSE DE SISA',70),(1556,'MOCHUMI',108),(1557,'COCABAMBA',115),(1558,'SANTO TOMAS',115),(1559,'SEXI',167),(1560,'CHANCAYBAÑOS',167),(1561,'SHAPAJA',160),(1562,'CUÑUMBUQUI',107),(1563,'CHONGOYAPE',49),(1564,'PACCHA',52),(1565,'CHUMUCH',45),(1566,'CHIRIMOTO',156),(1567,'LAJAS',52),(1568,'TUCUME',108),(1569,'TOTORA',156),(1570,'SHATOJA',70),(1571,'MILPUC',156),(1572,'CHAZUTA',160),(1573,'CHOTA',52),(1574,'ILLIMO',108),(1575,'ZAPATERO',107),(1576,'CHALAMARCA',52),(1577,'MORALES',160),(1578,'SANTA ROSA',156),(1579,'LA JALCA',46),(1580,'COCHABAMBA',52),(1581,'MARIA',115),(1582,'SAN JUAN DE LOPECANCHA',115),(1583,'TARAPOTO',160),(1584,'CACATACHI',160),(1585,'HUAMBO',156),(1586,'PACORA',108),(1587,'CONCHAN',52),(1588,'LLAMA',52),(1589,'RUMISAPA',107),(1590,'CORTEGANA',45),(1591,'CHADIN',52),(1592,'CHIGUIRIP',52),(1593,'HUICUNGO',118),(1594,'LIMABAMBA',156),(1595,'PISUQUIA',115),(1596,'SHANAO',107),(1597,'MORROPE',108),(1598,'PITIPO',72),(1599,'TOCMOCHE',52),(1600,'LA BANDA DE SHILCAYO',160),(1601,'SAN JUAN DE LICUPIS',52),(1602,'MAGDALENA',46),(1603,'LONGUITA',115),(1604,'SAN ANTONIO',160),(1605,'TACABAMBA',52),(1606,'HUAMBOS',52),(1607,'HUIMBAYOC',160),(1608,'ALTO SAPOSOA',78),(1609,'TINGO',115),(1610,'OMIA',156),(1611,'CHIPURANA',160),(1612,'LAMAS',107),(1613,'SAN ISIDRO DE MAINO',46),(1614,'SAN NICOLAS',156),(1615,'ANGUIA',52),(1616,'COCHAMAL',156),(1617,'LONGAR',156),(1618,'LEVANTO',46),(1619,'CHOROPAMPA',52),(1620,'QUEROCOTO',52),(1621,'CUTERVO',65),(1622,'SAN MARTIN',70),(1623,'PROVIDENCIA',115),(1624,'COLCAMAR',115),(1625,'OCUMAL',115),(1626,'CHETO',46),(1627,'SOLOCO',46),(1628,'CHIMBAN',52),(1629,'MIRACOSTA',52),(1630,'SAN LUIS DE LUCMA',65),(1631,'SOCOTA',65),(1632,'INGUILPATA',115),(1633,'SAN FRANCISCO DE DAGUAS',46),(1634,'SANTO DOMINGO DE LA CAPILLA',65),(1635,'MARISCAL BENAVIDES',156),(1636,'CHACHAPOYAS',46),(1637,'LA RAMADA',65),(1638,'LONYA CHICO',115),(1639,'TABALOSOS',107),(1640,'ALONSO DE ALVARADO',107),(1641,'SAN ANDRES DE CUTERVO',65),(1642,'TRITA',115),(1643,'JAYANCA',108),(1644,'OCALLI',115),(1645,'MOLINOPAMPA',46),(1646,'CHOCHOPE',108),(1647,'SONCHE',46),(1648,'SORITOR',126),(1649,'SAN JUAN DE CUTERVO',65),(1650,'HUANCAS',46),(1651,'LUYA',115),(1652,'EL PORVENIR',160),(1653,'YORONGOS',155),(1654,'BARRANQUITA',107),(1655,'PION',52),(1656,'CAMPORREDONDO',115),(1657,'INCAHUASI',72),(1658,'CUJILLO',65),(1659,'LAMUD',115),(1660,'QUEROCOTILLO',65),(1661,'HABANA',126),(1662,'JEPELACIO',126),(1663,'SAN CRISTOBAL',115),(1664,'GRANADA',46),(1665,'LUYA VIEJO',115),(1666,'QUINJALCA',46),(1667,'VALERA',24),(1668,'SANTA CRUZ',65),(1669,'CONILA',115),(1670,'CALLAYUC',65),(1671,'SAN ROQUE DE CUMBAZA',107),(1672,'SANTA CATALINA',115),(1673,'PAPAPLAYA',160),(1674,'VISTA ALEGRE',156),(1675,'PINTO RECODO',107),(1676,'MOTUPE',108),(1677,'SANTO TOMAS',65),(1678,'CHILIQUIN',46),(1679,'CHURUJA',24),(1680,'RIOJA',155),(1681,'CAÑARIS',72),(1682,'PIMPINGOS',65),(1683,'CALZADA',126),(1684,'ELIAS SOPLIN VARGAS',155),(1685,'CAYNARACHI',107),(1686,'LONYA GRANDE',186),(1687,'SAN CARLOS',24),(1688,'ALTO TAPICHE',154),(1689,'ASUNCION',46),(1690,'OLLEROS',46),(1691,'POSIC',155),(1692,'YAMON',186),(1693,'YANTALO',126),(1694,'PUCARA',99),(1695,'SALAS',108),(1696,'JAZAN',24),(1697,'SAN JERONIMO',115),(1698,'TORIBIO CASANOVA',65),(1699,'RECTA',24),(1700,'YURACYACU',155),(1701,'SARAYACU',184),(1702,'CUISPES',24),(1703,'SHIPASBAMBA',24),(1704,'CHISQUILLA',24),(1705,'JUMBILLA',24),(1706,'JAMALCA',186),(1707,'NUEVA CAJAMARCA',155),(1708,'CHOROS',65),(1709,'COROSHA',24),(1710,'EL MILAGRO',186),(1711,'MAQUIA',154),(1712,'CHONTALI',99),(1713,'SALLIQUE',99),(1714,'BAGUA',19),(1715,'OLMOS',108),(1716,'CRISTO NOS VALGA',170),(1717,'SECHURA',170),(1718,'EMILIO SAN MARTIN',154),(1719,'RINCONADA LLICUAR',170),(1720,'SANTA CRUZ',5),(1721,'BALSAPUERTO',5),(1722,'HUARMACA',82),(1723,'BERNAL',170),(1724,'PARDO MIGUEL',155),(1725,'MOYOBAMBA',126),(1726,'BELLAVISTA DE LA UNION',170),(1727,'CANCHAQUE',82),(1728,'ARAMANGO',19),(1729,'TABACONAS',158),(1730,'LA MATANZA',125),(1731,'CATACAOS',146),(1732,'CAPELO',154),(1733,'YAMBRASBAMBA',24),(1734,'LALAQUIZ',82),(1735,'PUINAHUA',154),(1736,'SANTA CATALINA DE MOSSA',125),(1737,'YAMANGO',125),(1738,'MORROPON',125),(1739,'HUANCABAMBA',82),(1740,'SAN IGNACIO',158),(1741,'CHALACO',125),(1742,'JEBEROS',5),(1743,'YAQUERANA',154),(1744,'CASTILLA',146),(1745,'NAMBALLE',158),(1746,'SANTO DOMINGO',125),(1747,'REQUENA',154),(1748,'PIURA',146),(1749,'CHULUCANAS',125),(1750,'PAITA',135),(1751,'MIGUEL CHECA',173),(1752,'ARENAL',135),(1753,'LA HUACA',135),(1754,'BELLAVISTA',173),(1755,'COLAN',135),(1756,'CAHUAPANAS',67),(1757,'EL CARMEN DE LA FRONTERA',82),(1758,'SALITRAL',173),(1759,'VICHAYAL',135),(1760,'FRIAS',16),(1761,'AMOTAPE',135),(1762,'TAMARINDO',135),(1763,'PACAIPAMPA',16),(1764,'IGNACIO ESCUDERO',173),(1765,'JENARO HERRERA',154),(1766,'SAPILLICA',16),(1767,'LAGUNAS',16),(1768,'TAMBO GRANDE',146),(1769,'SULLANA',173),(1770,'SAN JOSE DE LOURDES',158),(1771,'HUARANGO',158),(1772,'QUERECOTILLO',173),(1773,'LA BREA',176),(1774,'LAS LOMAS',146),(1775,'MONTERO',16),(1776,'PAIMAS',16),(1777,'SICCHEZ',16),(1778,'IMAZA',19),(1779,'JILILI',16),(1780,'SAQUENA',154),(1781,'AYABACA',16),(1782,'NIEVA',197),(1783,'PARIÑAS',176),(1784,'LOBITOS',176),(1785,'SUYO',16),(1786,'BARRANCA',67),(1787,'EL ALTO',176),(1788,'MANSERICHE',67),(1789,'MARCAVELICA',173),(1790,'LOS ORGANOS',176),(1791,'MANCORA',176),(1792,'LANCONES',173),(1793,'YAVARI',121),(1794,'PARINARI',113),(1795,'CANOAS DE PUNTA SAL',59),(1796,'NAUTA',113),(1797,'CASITAS',59),(1798,'FERNANDO LORES',122),(1799,'SAN JUAN BAUTISTA',122),(1800,'IQUITOS',122),(1801,'LAGUNAS',5),(1802,'PAMPAS DE HOSPITAL',183),(1803,'ZORRITOS',59),(1804,'SAN JACINTO',183),(1805,'LA PECA',19),(1806,'MATAPALO',196),(1807,'LA CRUZ',183),(1808,'BELEN',122),(1809,'SAN JUAN DE LA VIRGEN',183),(1810,'URARINAS',113),(1811,'CORRALES',183),(1812,'PAPAYAL',196),(1813,'TUMBES',183),(1814,'AGUAS VERDES',196),(1815,'INDIANA',122),(1816,'ZARUMILLA',196),(1817,'EL CENEPA',197),(1818,'PUNCHANA',122),(1819,'SAN PABLO',121),(1820,'RAMON CASTILLA',121),(1821,'PASTAZA',67),(1822,'RIO SANTIAGO',197),(1823,'LAS AMAZONAS',122),(1824,'PEBAS',121),(1825,'MORONA',67),(1826,'ANDOAS',67),(1827,'ALTO NANAY',122),(1828,'MAZAN',122),(1829,'TROMPETEROS',113),(1830,'TIGRE',113),(1831,'NAPO',122),(1832,'PUTUMAYO',122),(1833,'TORRES CAUSANA',122),(1834,'TENIENTE MANUEL CLAVERO',122),(1835,'MI PERU',29);
/*!40000 ALTER TABLE `distritos` ENABLE KEYS */;
UNLOCK TABLES;

--
-- Table structure for table `groups`
--

DROP TABLE IF EXISTS `groups`;
/*!40101 SET @saved_cs_client     = @@character_set_client */;
/*!40101 SET character_set_client = utf8 */;
CREATE TABLE `groups` (
  `id` int(11) NOT NULL AUTO_INCREMENT,
  `name` varchar(100) NOT NULL,
  `estado` varchar(1) NOT NULL DEFAULT 'A',
  `creador` varchar(45) DEFAULT NULL,
  `creado` datetime DEFAULT NULL,
  `modificador` varchar(45) DEFAULT NULL,
  `modificado` datetime DEFAULT NULL,
  PRIMARY KEY (`id`)
) ENGINE=InnoDB AUTO_INCREMENT=5 DEFAULT CHARSET=utf8;
/*!40101 SET character_set_client = @saved_cs_client */;

--
-- Dumping data for table `groups`
--

LOCK TABLES `groups` WRITE;
/*!40000 ALTER TABLE `groups` DISABLE KEYS */;
INSERT INTO `groups` VALUES (1,'Administrador','A','cramos','2017-04-26 01:19:00','',NULL),(2,'managers','A','cramos','2017-04-26 01:22:43','',NULL),(3,'users','A','cramos','2017-04-26 01:22:56','',NULL),(4,'Vendedor','A','cramos','2017-05-06 05:53:41','',NULL);
/*!40000 ALTER TABLE `groups` ENABLE KEYS */;
UNLOCK TABLES;

--
-- Table structure for table `macro_regiones`
--

DROP TABLE IF EXISTS `macro_regiones`;
/*!40101 SET @saved_cs_client     = @@character_set_client */;
/*!40101 SET character_set_client = utf8 */;
CREATE TABLE `macro_regiones` (
  `id` int(11) NOT NULL AUTO_INCREMENT,
  `nombre` varchar(45) DEFAULT NULL,
  PRIMARY KEY (`id`)
) ENGINE=InnoDB AUTO_INCREMENT=16 DEFAULT CHARSET=utf8;
/*!40101 SET character_set_client = @saved_cs_client */;

--
-- Dumping data for table `macro_regiones`
--

LOCK TABLES `macro_regiones` WRITE;
/*!40000 ALTER TABLE `macro_regiones` DISABLE KEYS */;
INSERT INTO `macro_regiones` VALUES (1,'PIURA'),(2,'LAMBAYEQUE'),(3,'LA LIBERTAD'),(4,'LORETO'),(5,'HUÁNUCO'),(6,'JUNÍN'),(7,'CUSCO'),(8,'AYACUCHO'),(9,'AREQUIPA'),(10,'PUNO'),(11,'SAN MARTÍN'),(12,'ANCASH'),(13,'UCAYALI'),(14,'TACNA'),(15,'MADRE DE DIOS');
/*!40000 ALTER TABLE `macro_regiones` ENABLE KEYS */;
UNLOCK TABLES;

--
-- Table structure for table `menus`
--

DROP TABLE IF EXISTS `menus`;
/*!40101 SET @saved_cs_client     = @@character_set_client */;
/*!40101 SET character_set_client = utf8 */;
CREATE TABLE `menus` (
  `id` int(11) NOT NULL AUTO_INCREMENT,
  `nombre` varchar(45) NOT NULL,
  `parent_id` int(10) DEFAULT NULL,
  `lft` int(10) DEFAULT NULL,
  `rght` int(10) DEFAULT NULL,
  `aro_id` int(10) DEFAULT NULL,
  `aco_id` int(10) DEFAULT NULL,
  `creador` varchar(45) DEFAULT NULL,
  `creado` datetime DEFAULT NULL,
  `modificador` varchar(45) DEFAULT NULL,
  `modificado` datetime DEFAULT NULL,
  PRIMARY KEY (`id`),
  KEY `fk_menus_acos1_idx` (`aco_id`),
  KEY `fk_menus_arod1_idx` (`aro_id`) USING BTREE,
  CONSTRAINT `fk_menus_acos1` FOREIGN KEY (`aco_id`) REFERENCES `acos` (`id`) ON DELETE NO ACTION ON UPDATE NO ACTION,
  CONSTRAINT `fk_menus_aros1` FOREIGN KEY (`aro_id`) REFERENCES `aros` (`id`) ON DELETE NO ACTION ON UPDATE NO ACTION
) ENGINE=InnoDB AUTO_INCREMENT=15 DEFAULT CHARSET=latin1;
/*!40101 SET character_set_client = @saved_cs_client */;

--
-- Dumping data for table `menus`
--

LOCK TABLES `menus` WRITE;
/*!40000 ALTER TABLE `menus` DISABLE KEYS */;
INSERT INTO `menus` VALUES (1,'Permisos',NULL,1,12,1,NULL,NULL,NULL,NULL,NULL),(2,'Grupos',1,2,3,1,9,NULL,NULL,NULL,NULL),(3,'Usuarios',1,4,5,1,49,NULL,NULL,NULL,NULL),(4,'Aplicaciones',1,6,7,1,64,NULL,NULL,NULL,NULL),(5,'Accesos',1,8,9,1,63,NULL,NULL,NULL,NULL),(10,'Permisos',NULL,13,14,2,NULL,NULL,NULL,NULL,NULL),(14,'Menu',1,10,11,1,74,NULL,NULL,NULL,NULL);
/*!40000 ALTER TABLE `menus` ENABLE KEYS */;
UNLOCK TABLES;

--
-- Table structure for table `notes`
--

DROP TABLE IF EXISTS `notes`;
/*!40101 SET @saved_cs_client     = @@character_set_client */;
/*!40101 SET character_set_client = utf8 */;
CREATE TABLE `notes` (
  `id` int(11) NOT NULL AUTO_INCREMENT,
  `title` varchar(50) NOT NULL,
  `note` text NOT NULL,
  `color` varchar(20) NOT NULL,
  `date` datetime NOT NULL,
  PRIMARY KEY (`id`)
) ENGINE=InnoDB AUTO_INCREMENT=26 DEFAULT CHARSET=utf8;
/*!40101 SET character_set_client = @saved_cs_client */;

--
-- Dumping data for table `notes`
--

LOCK TABLES `notes` WRITE;
/*!40000 ALTER TABLE `notes` DISABLE KEYS */;
INSERT INTO `notes` VALUES (1,'title','note','-8469267','2020-04-18 20:31:37'),(2,'cesar','cesar','-2184710','2020-04-19 04:02:45'),(3,'cesar','cesar','-2184710','2020-04-19 04:05:25'),(4,'cesar','cesar','-2184710','2020-04-19 04:11:54'),(5,'cesar','cesar','-2184710','2020-04-19 04:20:28'),(6,'cesar','ramos','-2184710','2020-04-19 04:24:40'),(7,'title','note','-8469267','2020-04-19 04:48:19'),(8,'title','note','-8469267','2020-04-19 04:50:14'),(9,'title','note','-8469267','2020-04-19 04:52:08'),(10,'title','note','-8469267','2020-04-19 04:53:31'),(11,'cesar','cesar','-2184710','2020-04-19 05:09:14'),(12,'cesar','cesar','-2184710','2020-04-19 05:11:30'),(13,'Silvia','Silvia','-2184710','2020-04-19 05:18:55'),(14,'Karen','Karen','-2184710','2020-04-19 05:21:33'),(15,'Evelyn','Evelyn','-2184710','2020-04-19 05:22:55'),(17,'Gaby','Rodas','-1222758','2020-04-19 07:21:47'),(18,'Enma','Villareal','-3081091','2020-04-19 07:48:04'),(19,'Helen','Muñoz','-13963914','2020-04-19 08:19:07'),(20,'Cielo','Azul','-8469267','2020-04-19 08:20:53'),(21,'Alianza','Lima','-8469267','2020-04-19 08:31:26'),(22,'Hola','Mundo','-13963914','2020-05-01 23:51:08');
/*!40000 ALTER TABLE `notes` ENABLE KEYS */;
UNLOCK TABLES;

--
-- Table structure for table `parametros`
--

DROP TABLE IF EXISTS `parametros`;
/*!40101 SET @saved_cs_client     = @@character_set_client */;
/*!40101 SET character_set_client = utf8 */;
CREATE TABLE `parametros` (
  `id` int(10) unsigned NOT NULL AUTO_INCREMENT,
  `modulo` varchar(45) NOT NULL,
  `variable` varchar(45) NOT NULL,
  `valor` varchar(45) NOT NULL,
  `creador` varchar(45) DEFAULT NULL,
  `creado` datetime DEFAULT NULL,
  `modificador` varchar(45) DEFAULT NULL,
  `modificado` datetime DEFAULT NULL,
  PRIMARY KEY (`id`)
) ENGINE=InnoDB AUTO_INCREMENT=5 DEFAULT CHARSET=utf8;
/*!40101 SET character_set_client = @saved_cs_client */;

--
-- Dumping data for table `parametros`
--

LOCK TABLES `parametros` WRITE;
/*!40000 ALTER TABLE `parametros` DISABLE KEYS */;
INSERT INTO `parametros` VALUES (3,'migracion_productos','sizePag','500',NULL,NULL,NULL,NULL),(4,'migracion_productos','page','5',NULL,NULL,NULL,NULL);
/*!40000 ALTER TABLE `parametros` ENABLE KEYS */;
UNLOCK TABLES;

--
-- Table structure for table `personas`
--

DROP TABLE IF EXISTS `personas`;
/*!40101 SET @saved_cs_client     = @@character_set_client */;
/*!40101 SET character_set_client = utf8 */;
CREATE TABLE `personas` (
  `id` int(11) NOT NULL AUTO_INCREMENT,
  `name` varchar(255) DEFAULT NULL,
  `apellidos` varchar(255) DEFAULT NULL,
  PRIMARY KEY (`id`)
) ENGINE=InnoDB AUTO_INCREMENT=6 DEFAULT CHARSET=latin1;
/*!40101 SET character_set_client = @saved_cs_client */;

--
-- Dumping data for table `personas`
--

LOCK TABLES `personas` WRITE;
/*!40000 ALTER TABLE `personas` DISABLE KEYS */;
INSERT INTO `personas` VALUES (1,'Cesar','Ramos'),(2,'Vanessa','Medrano Pulido'),(3,'Lucia del Rosario','Diaz Mensoza'),(5,'Silvia','Medrano Pulido');
/*!40000 ALTER TABLE `personas` ENABLE KEYS */;
UNLOCK TABLES;

--
-- Table structure for table `provincias`
--

DROP TABLE IF EXISTS `provincias`;
/*!40101 SET @saved_cs_client     = @@character_set_client */;
/*!40101 SET character_set_client = utf8 */;
CREATE TABLE `provincias` (
  `id` int(11) NOT NULL AUTO_INCREMENT,
  `nombre` varchar(45) DEFAULT NULL,
  `departamento_id` int(11) NOT NULL,
  PRIMARY KEY (`id`),
  KEY `fk_provincias_departamentos1_idx` (`departamento_id`),
  CONSTRAINT `fk_provincias_departamentos1` FOREIGN KEY (`departamento_id`) REFERENCES `departamentos` (`id`) ON DELETE NO ACTION ON UPDATE NO ACTION
) ENGINE=InnoDB AUTO_INCREMENT=198 DEFAULT CHARSET=utf8;
/*!40101 SET character_set_client = @saved_cs_client */;

--
-- Dumping data for table `provincias`
--

LOCK TABLES `provincias` WRITE;
/*!40000 ALTER TABLE `provincias` DISABLE KEYS */;
INSERT INTO `provincias` VALUES (1,'ABANCAY',3),(2,'ACOBAMBA',9),(3,'ACOMAYO',8),(4,'AIJA',2),(5,'ALTO AMAZONAS',16),(6,'AMBO',10),(7,'ANDAHUAYLAS',3),(8,'ANGARAES',9),(9,'ANTA',8),(10,'ANTABAMBA',3),(11,'ANTONIO RAYMONDI',2),(12,'AREQUIPA',4),(13,'ASCOPE',13),(14,'ASUNCION',2),(15,'ATALAYA',25),(16,'AYABACA',20),(17,'AYMARAES',3),(18,'AZANGARO',21),(19,'BAGUA',1),(20,'BARRANCA',15),(21,'BELLAVISTA',22),(22,'BOLIVAR',13),(23,'BOLOGNESI',2),(24,'BONGARA',1),(25,'CAJABAMBA',6),(26,'CAJAMARCA',6),(27,'CAJATAMBO',15),(28,'CALCA',8),(29,'CALLAO',7),(30,'CAMANA',4),(31,'CANAS',8),(32,'CANCHIS',8),(33,'CANDARAVE',23),(34,'CANGALLO',5),(35,'CANTA',15),(36,'CAÑETE',15),(37,'CARABAYA',21),(38,'CARAVELI',4),(39,'CARHUAZ',2),(40,'CARLOS FERMIN FITZCARRALD',2),(41,'CASMA',2),(42,'CASTILLA',4),(43,'CASTROVIRREYNA',9),(44,'CAYLLOMA',4),(45,'CELENDIN',6),(46,'CHACHAPOYAS',1),(47,'CHANCHAMAYO',12),(48,'CHEPEN',13),(49,'CHICLAYO',14),(50,'CHINCHA',11),(51,'CHINCHEROS',3),(52,'CHOTA',6),(53,'CHUCUITO',21),(54,'CHUMBIVILCAS',8),(55,'CHUPACA',12),(56,'CHURCAMPA',9),(57,'CONCEPCION',12),(58,'CONDESUYOS',4),(59,'CONTRALMIRANTE VILLAR',24),(60,'CONTUMAZA',6),(61,'CORONEL PORTILLO',25),(62,'CORONGO',2),(63,'COTABAMBAS',3),(64,'CUSCO',8),(65,'CUTERVO',6),(66,'DANIEL ALCIDES CARRION',19),(67,'DATEM DEL MARAÑON',16),(68,'DOS DE MAYO',10),(69,'EL COLLAO',21),(70,'EL DORADO',22),(71,'ESPINAR',8),(72,'FERREÑAFE',14),(73,'GENERAL SANCHEZ CERRO',18),(74,'GRAN CHIMU',13),(75,'GRAU',3),(76,'HUACAYBAMBA',10),(77,'HUALGAYOC',6),(78,'HUALLAGA',22),(79,'HUAMALIES',10),(80,'HUAMANGA',5),(81,'HUANCA SANCOS',5),(82,'HUANCABAMBA',20),(83,'HUANCANE',21),(84,'HUANCAVELICA',9),(85,'HUANCAYO',12),(86,'HUANTA',5),(87,'HUANUCO',10),(88,'HUARAL',15),(89,'HUARAZ',2),(90,'HUARI',2),(91,'HUARMEY',2),(92,'HUAROCHIRI',15),(93,'HUAURA',15),(94,'HUAYLAS',2),(95,'HUAYTARA',9),(96,'ICA',11),(97,'ILO',18),(98,'ISLAY',4),(99,'JAEN',6),(100,'JAUJA',12),(101,'JORGE BASADRE',23),(102,'JULCAN',13),(103,'JUNIN',12),(104,'LA CONVENCION',8),(105,'LA MAR',5),(106,'LA UNION',4),(107,'LAMAS',22),(108,'LAMBAYEQUE',14),(109,'LAMPA',21),(110,'LAURICOCHA',10),(111,'LEONCIO PRADO',10),(112,'LIMA',15),(113,'LORETO',16),(114,'LUCANAS',5),(115,'LUYA',1),(116,'MANU',17),(117,'MARAÑON',10),(118,'MARISCAL CACERES',22),(119,'MARISCAL LUZURIAGA',2),(120,'MARISCAL NIETO',18),(121,'MARISCAL RAMON CASTILLA',16),(122,'MAYNAS',16),(123,'MELGAR',21),(124,'MOHO',21),(125,'MORROPON',20),(126,'MOYOBAMBA',22),(127,'NAZCA',11),(128,'OCROS',2),(129,'OTUZCO',13),(130,'OXAPAMPA',19),(131,'OYON',15),(132,'PACASMAYO',13),(133,'PACHITEA',10),(134,'PADRE ABAD',25),(135,'PAITA',20),(136,'PALLASCA',2),(137,'PALPA',11),(138,'PARINACOCHAS',5),(139,'PARURO',8),(140,'PASCO',19),(141,'PATAZ',13),(142,'PAUCAR DEL SARA SARA',5),(143,'PAUCARTAMBO',8),(144,'PICOTA',22),(145,'PISCO',11),(146,'PIURA',20),(147,'POMABAMBA',2),(148,'PUERTO INCA',10),(149,'PUIRA',20),(150,'PUNO',21),(151,'PURUS',25),(152,'QUISPICANCHI',8),(153,'RECUAY',2),(154,'REQUENA',16),(155,'RIOJA',22),(156,'RODRIGUEZ DE MENDOZA',1),(157,'SAN ANTONIO DE PUTINA',21),(158,'SAN IGNACIO',6),(159,'SAN MARCOS',6),(160,'SAN MARTIN',22),(161,'SAN MIGUEL',6),(162,'SAN PABLO',6),(163,'SAN ROMAN',21),(164,'SANCHEZ CARRION',13),(165,'SANDIA',21),(166,'SANTA',2),(167,'SANTA CRUZ',6),(168,'SANTIAGO DE CHUCO',13),(169,'SATIPO',12),(170,'SECHURA',20),(171,'SIHUAS',2),(172,'SUCRE',5),(173,'SULLANA',20),(174,'TACNA',23),(175,'TAHUAMANU',17),(176,'TALARA',20),(177,'TAMBOPATA',17),(178,'TARATA',23),(179,'TARMA',12),(180,'TAYACAJA',9),(181,'TOCACHE',22),(182,'TRUJILLO',13),(183,'TUMBES',24),(184,'UCAYALI',16),(185,'URUBAMBA',8),(186,'UTCUBAMBA',1),(187,'VICTOR FAFARDO',5),(188,'VICTOR FAJARDO',5),(189,'VILCAS HUAMAN',5),(190,'VIRU',13),(191,'YAROWILCA',10),(192,'YAULI',12),(193,'YAUYOS',15),(194,'YUNGAY',2),(195,'YUNGUYO',21),(196,'ZARUMILLA',24),(197,'CONDORCANQUI',1);
/*!40000 ALTER TABLE `provincias` ENABLE KEYS */;
UNLOCK TABLES;

--
-- Table structure for table `region_policiales`
--

DROP TABLE IF EXISTS `region_policiales`;
/*!40101 SET @saved_cs_client     = @@character_set_client */;
/*!40101 SET character_set_client = utf8 */;
CREATE TABLE `region_policiales` (
  `id` int(11) NOT NULL AUTO_INCREMENT,
  `nombre` varchar(45) DEFAULT NULL,
  PRIMARY KEY (`id`)
) ENGINE=InnoDB AUTO_INCREMENT=26 DEFAULT CHARSET=utf8;
/*!40101 SET character_set_client = @saved_cs_client */;

--
-- Dumping data for table `region_policiales`
--

LOCK TABLES `region_policiales` WRITE;
/*!40000 ALTER TABLE `region_policiales` DISABLE KEYS */;
INSERT INTO `region_policiales` VALUES (1,'REG LIM'),(2,'REG CALL'),(3,'REG TUM'),(4,'REG PIU'),(5,'REG LAM'),(6,'REG CAJ'),(7,'REG LAL'),(8,'REG LOR'),(9,'REG HCO'),(10,'REG JUN'),(11,'REG PAS'),(12,'REG HCA'),(13,'REG CUS'),(14,'REG APU'),(15,'REG AYA'),(16,'REG ICA'),(17,'REG AQP'),(18,'REG PUN'),(19,'REG SAM'),(20,'REG AMA'),(21,'REG ANC'),(22,'REG UCA'),(23,'REG TAC'),(24,'REG MOQ'),(25,'REG MDD');
/*!40000 ALTER TABLE `region_policiales` ENABLE KEYS */;
UNLOCK TABLES;

--
-- Table structure for table `situacion_hechos`
--

DROP TABLE IF EXISTS `situacion_hechos`;
/*!40101 SET @saved_cs_client     = @@character_set_client */;
/*!40101 SET character_set_client = utf8 */;
CREATE TABLE `situacion_hechos` (
  `id` int(11) NOT NULL AUTO_INCREMENT,
  `nombre` varchar(250) DEFAULT NULL,
  PRIMARY KEY (`id`)
) ENGINE=InnoDB AUTO_INCREMENT=3 DEFAULT CHARSET=utf8;
/*!40101 SET character_set_client = @saved_cs_client */;

--
-- Dumping data for table `situacion_hechos`
--

LOCK TABLES `situacion_hechos` WRITE;
/*!40000 ALTER TABLE `situacion_hechos` DISABLE KEYS */;
INSERT INTO `situacion_hechos` VALUES (1,'RESUELTAS'),(2,'PENDIENTES');
/*!40000 ALTER TABLE `situacion_hechos` ENABLE KEYS */;
UNLOCK TABLES;

--
-- Table structure for table `tipo_comisarias`
--

DROP TABLE IF EXISTS `tipo_comisarias`;
/*!40101 SET @saved_cs_client     = @@character_set_client */;
/*!40101 SET character_set_client = utf8 */;
CREATE TABLE `tipo_comisarias` (
  `id` int(11) NOT NULL AUTO_INCREMENT,
  `nombre` varchar(250) DEFAULT NULL,
  PRIMARY KEY (`id`)
) ENGINE=InnoDB AUTO_INCREMENT=11 DEFAULT CHARSET=utf8;
/*!40101 SET character_set_client = @saved_cs_client */;

--
-- Dumping data for table `tipo_comisarias`
--

LOCK TABLES `tipo_comisarias` WRITE;
/*!40000 ALTER TABLE `tipo_comisarias` DISABLE KEYS */;
INSERT INTO `tipo_comisarias` VALUES (1,'COMISARÍA PNP TIPO A'),(2,'COMISARÍA PNP TIPO B'),(3,'COMISARÍA PNP TIPO C'),(4,'COMISARÍA PNP TIPO D'),(5,'COMISARÍA PNP TIPO E'),(6,'COMISARÍAS DE MUJERES (CAVIFAN)'),(7,'COMISARIA DE TURISMO'),(8,'COMISARIA DE AEROPUERTOS'),(9,'COMISARIA DE TERMINALES TERRESTRES'),(10,'COMISARIA DE PROTECCIÓN DE CARRETERAS');
/*!40000 ALTER TABLE `tipo_comisarias` ENABLE KEYS */;
UNLOCK TABLES;

--
-- Table structure for table `tipo_dependencia_policiales`
--

DROP TABLE IF EXISTS `tipo_dependencia_policiales`;
/*!40101 SET @saved_cs_client     = @@character_set_client */;
/*!40101 SET character_set_client = utf8 */;
CREATE TABLE `tipo_dependencia_policiales` (
  `id` int(11) NOT NULL AUTO_INCREMENT,
  `nombre` varchar(250) DEFAULT NULL,
  PRIMARY KEY (`id`)
) ENGINE=InnoDB AUTO_INCREMENT=4 DEFAULT CHARSET=utf8;
/*!40101 SET character_set_client = @saved_cs_client */;

--
-- Dumping data for table `tipo_dependencia_policiales`
--

LOCK TABLES `tipo_dependencia_policiales` WRITE;
/*!40000 ALTER TABLE `tipo_dependencia_policiales` DISABLE KEYS */;
INSERT INTO `tipo_dependencia_policiales` VALUES (1,'COMISARÍA BÁSICA'),(2,'COMISARÍA ESPECIALIZADA'),(3,'UNIDAD ESPECIALIZADA DE INVESTIGACIÓN CRIMINAL');
/*!40000 ALTER TABLE `tipo_dependencia_policiales` ENABLE KEYS */;
UNLOCK TABLES;

--
-- Table structure for table `tipo_tramite_hechos`
--

DROP TABLE IF EXISTS `tipo_tramite_hechos`;
/*!40101 SET @saved_cs_client     = @@character_set_client */;
/*!40101 SET character_set_client = utf8 */;
CREATE TABLE `tipo_tramite_hechos` (
  `id` int(11) NOT NULL AUTO_INCREMENT,
  `nombre` varchar(250) DEFAULT NULL,
  PRIMARY KEY (`id`)
) ENGINE=InnoDB AUTO_INCREMENT=8 DEFAULT CHARSET=utf8;
/*!40101 SET character_set_client = @saved_cs_client */;

--
-- Dumping data for table `tipo_tramite_hechos`
--

LOCK TABLES `tipo_tramite_hechos` WRITE;
/*!40000 ALTER TABLE `tipo_tramite_hechos` DISABLE KEYS */;
INSERT INTO `tipo_tramite_hechos` VALUES (1,'Fiscalía Penal'),(2,'Fiscalía Familia'),(3,'Juzgado Penal'),(4,'Juez de Familia'),(5,'Juez de Paz'),(6,'Otras SU-PNP '),(7,'Otros');
/*!40000 ALTER TABLE `tipo_tramite_hechos` ENABLE KEYS */;
UNLOCK TABLES;

--
-- Table structure for table `tipo_unidad_especializadas`
--

DROP TABLE IF EXISTS `tipo_unidad_especializadas`;
/*!40101 SET @saved_cs_client     = @@character_set_client */;
/*!40101 SET character_set_client = utf8 */;
CREATE TABLE `tipo_unidad_especializadas` (
  `id` int(11) NOT NULL AUTO_INCREMENT,
  `nombre` varchar(250) DEFAULT NULL,
  PRIMARY KEY (`id`)
) ENGINE=InnoDB AUTO_INCREMENT=32 DEFAULT CHARSET=utf8;
/*!40101 SET character_set_client = @saved_cs_client */;

--
-- Dumping data for table `tipo_unidad_especializadas`
--

LOCK TABLES `tipo_unidad_especializadas` WRITE;
/*!40000 ALTER TABLE `tipo_unidad_especializadas` DISABLE KEYS */;
INSERT INTO `tipo_unidad_especializadas` VALUES (1,'Dirección General DIRGEN'),(2,'Estado Mayor General EMG'),(3,'Inspectoría General IG'),(4,'Dirección de Nacional de Operaciones Policiales DIRNOP'),(5,'Dirección Nacional de Gestión Institucional DIRNGI'),(6,'Secretaría General SECGEN'),(7,'Dirección de Inteligencia DIRINT'),(8,'Dirección de Comunicación e Imagen DIRCOIMA'),(9,'Dirección de Asuntos Internacionales DIRASINT'),(10,'Dirección Ejecutiva de Administración DIREJADM'),(11,'Dirección Ejecutiva de Planeamiento y Ppto. DIREPP'),(12,'Dirección Ejecutiva de Tecn. Inf. Com. y Estad. DIRETICE'),(13,'Dirección Ejecutiva de Personal DIREJPER'),(14,'Dirección Ejecutiva de Infraestructura y Equipamiento DIREIE'),(15,'Dirección Ejecutiva de Asesoría Jurídica DIREAJ'),(16,'Dirección Ejecutiva de Sanidad DIREJSAN'),(17,'Dirección Ejecutiva de Apoyo al Policía DIREAP'),(18,'Dirección Ejecutiva de Educación y Doctrina DIREED'),(19,'Dirección Ejecutiva de Seguridad Integral DIRESI'),(20,'Dirección Ejecutiva de Inv. Criminal y Apoyo a la Justicia DIREICAJ'),(21,'Dirección Ejecutiva de Fuerzas Especiales DIREFE'),(22,'Dirección Ejecutiva de Criminalística DIREJCRI'),(23,'Dirección Ejecutiva de Seguridad Ciudadana DIRESC'),(24,'Dirección Ejecutiva de Anti Drogas DIREAD'),(25,'Dirección Ejecutiva de Contra el Terrorismo DIRECT'),(26,'Dirección Ejecutiva de Transito y Seguridad Vial DIRETSV'),(27,'Dirección Ejecutiva de Turismo DIREJTUR'),(28,'Dirección Ejecutiva de Medio Ambiente DIREMA'),(29,'Frente Policial… FFPP'),(30,'Región Policial… REGPOL'),(31,'Comando Único Policial CUP');
/*!40000 ALTER TABLE `tipo_unidad_especializadas` ENABLE KEYS */;
UNLOCK TABLES;

--
-- Table structure for table `total_documentos_formulados`
--

DROP TABLE IF EXISTS `total_documentos_formulados`;
/*!40101 SET @saved_cs_client     = @@character_set_client */;
/*!40101 SET character_set_client = utf8 */;
CREATE TABLE `total_documentos_formulados` (
  `id` int(11) NOT NULL AUTO_INCREMENT,
  `nombre` varchar(250) DEFAULT NULL,
  PRIMARY KEY (`id`)
) ENGINE=InnoDB AUTO_INCREMENT=6 DEFAULT CHARSET=utf8;
/*!40101 SET character_set_client = @saved_cs_client */;

--
-- Dumping data for table `total_documentos_formulados`
--

LOCK TABLES `total_documentos_formulados` WRITE;
/*!40000 ALTER TABLE `total_documentos_formulados` DISABLE KEYS */;
INSERT INTO `total_documentos_formulados` VALUES (1,'ATESTADOS'),(2,'PARTES'),(3,'OFICIO DE TRANSCRIPCIÓN'),(4,'INFORME'),(5,'OTROS');
/*!40000 ALTER TABLE `total_documentos_formulados` ENABLE KEYS */;
UNLOCK TABLES;

--
-- Table structure for table `users`
--

DROP TABLE IF EXISTS `users`;
/*!40101 SET @saved_cs_client     = @@character_set_client */;
/*!40101 SET character_set_client = utf8 */;
CREATE TABLE `users` (
  `id` int(11) NOT NULL AUTO_INCREMENT,
  `nombres` varchar(45) DEFAULT NULL,
  `app` varchar(45) DEFAULT NULL,
  `apm` varchar(45) DEFAULT NULL,
  `correo` varchar(45) DEFAULT NULL,
  `username` varchar(255) NOT NULL,
  `password` char(40) NOT NULL,
  `group_id` int(11) NOT NULL,
  `estado` varchar(1) NOT NULL DEFAULT 'A',
  `creador` varchar(45) DEFAULT NULL,
  `creado` datetime DEFAULT NULL,
  `modificador` varchar(45) DEFAULT NULL,
  `modificado` datetime DEFAULT NULL,
  PRIMARY KEY (`id`),
  UNIQUE KEY `username` (`username`),
  KEY `fk_users_group1_idx` (`group_id`),
  CONSTRAINT `fk_users_groups1` FOREIGN KEY (`group_id`) REFERENCES `groups` (`id`) ON DELETE NO ACTION ON UPDATE NO ACTION
) ENGINE=InnoDB AUTO_INCREMENT=5 DEFAULT CHARSET=utf8;
/*!40101 SET character_set_client = @saved_cs_client */;

--
-- Dumping data for table `users`
--

LOCK TABLES `users` WRITE;
/*!40000 ALTER TABLE `users` DISABLE KEYS */;
INSERT INTO `users` VALUES (1,'','','','','odcpnp','bb184ece6cd5c20249847ad35a3c7a2ac6e5983a',1,'A','cramos','2017-04-26 01:24:19','',NULL),(2,NULL,NULL,NULL,NULL,'joselo','bf6a2efc75b87407bbd2d59cd620f9c4948ce1c9',2,'A','cramos','2017-04-26 01:26:18','','2017-04-26 01:26:20'),(3,NULL,NULL,NULL,NULL,'lucia','bf6a2efc75b87407bbd2d59cd620f9c4948ce1c9',3,'A','cramos','2017-04-26 01:26:43','','2017-04-26 01:26:45'),(4,'','','','','paco','8ed787c92ff18d74e2391f173f7b085456ef221d',4,'A','',NULL,'',NULL);
/*!40000 ALTER TABLE `users` ENABLE KEYS */;
UNLOCK TABLES;
/*!40103 SET TIME_ZONE=@OLD_TIME_ZONE */;

/*!40101 SET SQL_MODE=@OLD_SQL_MODE */;
/*!40014 SET FOREIGN_KEY_CHECKS=@OLD_FOREIGN_KEY_CHECKS */;
/*!40014 SET UNIQUE_CHECKS=@OLD_UNIQUE_CHECKS */;
/*!40101 SET CHARACTER_SET_CLIENT=@OLD_CHARACTER_SET_CLIENT */;
/*!40101 SET CHARACTER_SET_RESULTS=@OLD_CHARACTER_SET_RESULTS */;
/*!40101 SET COLLATION_CONNECTION=@OLD_COLLATION_CONNECTION */;
/*!40111 SET SQL_NOTES=@OLD_SQL_NOTES */;

-- Dump completed on 2020-11-13 12:55:05
